sequential_site,reference_site,6ii9_renumbered_pdb,sequential_wt,region,avg_func_effect
1,11,1,D,HA1,-2.671378095238095
2,12,2,K,HA1,-1.4793245000000002
3,13,3,I,HA1,-3.7859142857142856
4,14,4,C,HA1,-4.192609523809524
5,15,5,L,HA1,-3.1925476190476187
6,16,6,G,HA1,-3.771045
7,17,7,H,HA1,-3.974
8,18,8,H,HA1,-2.3931484999999997
9,19,9,A,HA1,-2.6075809523809523
10,20,10,V,HA1,-1.3527049999999998
11,21,11,S,HA1,-0.3376190476190476
12,22,12,N,HA1,-1.0978368421052633
13,23,13,G,HA1,-3.0829190476190473
14,24,14,T,HA1,-1.2826105263157896
15,25,15,K,HA1,-0.7542614285714285
16,26,16,V,HA1,-4.112865
17,27,17,N,HA1,-1.350552380952381
18,28,18,T,HA1,-3.430338095238095
19,29,19,L,HA1,-3.594614285714286
20,30,20,T,HA1,-2.610275
21,31,21,E,HA1,-1.2788771428571428
22,32,22,R,HA1,0.15406650000000002
23,33,23,G,HA1,-0.8897272727272728
24,34,24,V,HA1,-2.4762666666666666
25,35,25,E,HA1,-0.7322290909090909
26,36,26,V,HA1,-3.9368809523809523
27,37,27,V,HA1,-2.957445
28,38,28,N,HA1,-0.7877552380952382
29,39,29,A,HA1,-3.5047272727272727
30,40,30,T,HA1,-1.315262857142857
31,41,31,E,HA1,-3.7517863636363633
32,42,32,T,HA1,-3.358102380952381
33,43,33,V,HA1,-4.169619047619047
34,44,34,E,HA1,-0.8263199999999999
35,45,35,R,HA1,-0.676122380952381
36,46,36,T,HA1,-0.07249400000000002
37,47,37,N,HA1,-0.5040738095238095
38,48,38,I,HA1,-0.7807973684210525
39,49,39,P,epitope-C,-0.4593557142857143
40,50,40,R,epitope-C,-0.15354578947368422
41,51,41,I,HA1,-3.06141
42,52,42,C,HA1,-4.38195
43,53,43,S,epitope-C,-1.4199285
44,54,44,K,epitope-C,-0.23665750000000002
45,55,45,G,HA1,-0.3883131578947368
46,56,46,K,HA1,-1.73203575
47,57,47,R,HA1,0.139435
48,58,48,T,HA1,-0.4911733333333333
49,59,49,V,HA1,-0.4804404761904762
50,60,50,D,HA1,-1.5706633333333333
51,61,51,L,HA1,-2.871461904761905
52,62,52,G,epitope-E,-0.6316857142857143
53,63,53,Q,epitope-E,-0.497405
54,64,54,C,HA1,-4.4134761904761906
55,65,55,G,HA1,-3.824125
56,66,56,L,HA1,-1.8711794999999998
57,67,57,L,HA1,-1.4624295
58,68,58,G,HA1,-4.02405
59,69,59,T,HA1,-2.2375665
60,70,60,I,HA1,-2.1437844999999998
61,71,61,T,HA1,-1.524058
62,72,62,G,HA1,-3.6553947368421054
63,73,63,P,HA1,-2.294548947368421
64,74,64,P,HA1,-1.41108
65,75,65,Q,epitope-E,-0.17199714285714288
66,76,66,C,HA1,-4.300549999999999
67,77,67,D,epitope-E,-1.7703761904761905
68,78,68,Q,epitope-E,-0.6551868181818182
69,79,69,F,epitope-E,-0.5807833333333333
70,80,70,L,epitope-E,-0.422282380952381
71,81,71,E,epitope-E,-1.0683095238095237
72,82,72,F,epitope-E,-2.054275
73,83,73,S,HA1,-0.212123
74,84,74,A,HA1,-2.370085
75,85,75,D,HA1,-0.720004
76,86,76,L,HA1,-2.874847619047619
77,87,77,I,HA1,-2.7656095238095237
78,88,78,I,HA1,-3.1814295238095234
79,89,79,E,HA1,-1.6463190476190475
80,90,80,R,epitope-E,-2.601855
81,91,81,R,epitope-E,-0.634462
82,92,82,E,epitope-E,-0.3992333333333334
83,93,83,G,HA1,-2.04892
84,94,84,S,HA1,0.29932600000000004
85,95,85,D,HA1,-0.44852894736842097
86,96,86,V,HA1,-0.308523
87,97,87,C,HA1,-4.534761904761905
88,98,88,Y,HA1,-4.214571428571428
89,99,89,P,HA1,-2.592955
90,100,90,G,HA1,-4.031750000000001
91,101,91,K,HA1,-0.5517175
92,102,92,F,HA1,-1.538491
93,103,93,V,HA1,-0.162547
94,104,94,N,HA1,-0.1944665
95,105,95,E,HA1,-0.2410595238095238
96,106,96,E,HA1,-0.8485957142857142
97,107,97,A,HA1,-0.58989
98,108,98,L,HA1,-2.7975380000000003
99,109,99,R,HA1,-2.0689571428571427
100,110,100,Q,HA1,-1.050587409090909
101,111,101,I,HA1,-0.2451909523809524
102,112,102,L,HA1,-2.673518
103,113,103,R,HA1,-3.9545
104,114,104,E,HA1,-0.6184442857142857
105,115,105,S,HA1,-1.118022
106,116,106,G,HA1,-3.280552
107,117,107,G,HA1,-3.49662
108,118,108,I,HA1,-2.1815894736842107
109,119,109,D,HA1,-0.5830305
110,120,110,K,HA1,-3.6477649999999997
111,121,111,E,epitope-A,-1.2129261904761905
112,122,112,A,epitope-A,-0.08459470588235295
113,123,113,M,epitope-A,-1.7649619047619047
114,124,114,G,epitope-A,-0.40774761904761914
115,125,115,F,epitope-A,-0.92495
116,126,116,T,epitope-A,-0.9756325
117,127,117,Y,epitope-A,-2.633594285714286
118,128,118,S,epitope-A,-2.0595025
119,129,119,G,epitope-A,-1.5554380952380953
120,130,120,I,epitope-A,-1.658303
121,131,121,R,epitope-A,-1.7255220000000002
122,132,122,T,epitope-A,-0.757689
123,133,123,N,epitope-A,-0.9669595238095238
124,134,124,G,epitope-A,-4.520190476190476
125,135,125,A,epitope-A,-0.6295995000000001
126,136,126,T,epitope-A,-3.97855
127,137,127,S,epitope-A,-1.4046935
128,138,128,A,epitope-A,-2.2467449999999998
129,139,129,C,epitope-A,-4.370095238095239
130,140,130,R,epitope-A,-0.12381250000000002
131,141,131,R,epitope-A,-1.100179
132,143,132,S,epitope-A,-0.621525
133,144,133,G,epitope-A,-0.5200790000000001
134,145,134,S,epitope-A,-0.6837776315789473
135,146,135,S,epitope-A,-1.6134879999999998
136,147,136,F,HA1,-3.7906842105263157
137,148,137,Y,HA1,-3.1022571428571433
138,149,138,A,HA1,-0.2646755
139,150,139,E,HA1,-1.9072423809523809
140,151,140,M,HA1,-1.2817225
141,152,141,K,HA1,-0.7134614285714286
142,153,142,W,HA1,-4.552904761904762
143,154,143,L,HA1,-2.49592
144,155,144,L,epitope-B,-2.5262165
145,156,145,S,epitope-B,-2.237995
146,157,146,N,epitope-B,-0.922882380952381
147,158,147,T,epitope-B,-0.9880457142857143
148,158a,148,D,HA1,-3.4229857142857143
149,158b,149,N,HA1,-1.167905
150,159,150,A,epitope-B,-1.2668469047619046
151,160,151,A,epitope-B,-1.3223333333333334
152,161,152,F,HA1,-2.5154745000000003
153,162,153,P,HA1,-1.0412557142857142
154,163,154,Q,HA1,-0.8710402380952382
155,164,155,M,HA1,-0.7095357142857143
156,165,156,T,HA1,-1.1299205
157,166,157,K,HA1,0.49162
158,167,158,S,epitope-D,-0.09571666666666667
159,168,159,Y,HA1,-3.0778600000000003
160,169,160,K,HA1,0.5064339999999999
161,170,161,N,HA1,-4.13775
162,171,162,T,HA1,0.054669499999999996
163,172,163,R,HA1,-0.5991923529411765
164,173,164,K,HA1,-0.022228571428571424
165,174,165,S,HA1,-0.0893875
166,175,166,P,HA1,-0.1240395
167,176,167,A,HA1,-2.15468
168,177,168,L,HA1,-2.1028555
169,178,169,I,HA1,-3.25368
170,179,170,V,HA1,-1.224641052631579
171,180,171,W,HA1,-4.015657142857143
172,181,172,G,HA1,-4.18905575
173,182,173,I,HA1,-2.936043
174,183,174,H,HA1,-2.901665
175,184,175,H,HA1,-1.69266
176,185,176,S,HA1,-2.20259
177,186,177,V,epitope-B,-1.59786
178,187,178,S,epitope-B,-1.7581599999999997
179,188,179,T,epitope-B,-0.60329875
180,189,180,A,epitope-B,-1.063838
181,190,181,E,epitope-B,-4.124428571428571
182,191,182,Q,epitope-B,-2.0459047619047617
183,192,183,T,epitope-B,-1.20326
184,193,184,K,epitope-B,-0.4923845
185,194,185,L,epitope-B,-3.8563699999999996
186,195,186,Y,HA1,-3.708247619047619
187,196,187,G,epitope-B,-4.269299999999999
188,197,188,S,epitope-B,-1.361977
189,198,189,G,epitope-B,-2.0510333333333333
190,199,190,N,epitope-B,-0.5629305
191,200,191,K,HA1,-0.428047
192,201,192,L,epitope-D,-1.229485
193,202,193,V,epitope-D,-2.5600175
194,203,194,T,epitope-D,-0.596285
195,204,195,V,epitope-D,-3.2820185000000004
196,205,196,G,epitope-D,-1.1897318181818182
197,206,197,S,epitope-D,-0.7873495
198,207,198,S,epitope-D,-0.035509500000000006
199,208,199,N,epitope-D,-0.4821905
200,209,200,Y,HA1,-0.25379809523809527
201,210,201,Q,HA1,-1.1072619047619046
202,211,202,Q,HA1,-0.3406619047619048
203,212,203,S,HA1,-0.11208449999999999
204,213,204,F,HA1,-1.2949135
205,214,205,V,epitope-D,-0.41691399999999995
206,215,206,P,HA1,-2.2759025
207,216,207,S,epitope-D,-0.22981500000000002
208,217,208,P,epitope-D,-0.32999199999999995
209,218,209,G,epitope-D,-1.321355
210,219,210,A,epitope-D,-0.7356355000000001
211,220,211,R,epitope-D,-3.3617
212,221,212,P,HA1,-1.9079149999999998
213,222,213,Q,epitope-D,-0.8691080952380953
214,223,214,V,epitope-D,-1.2527745
215,224,215,N,epitope-D,-0.36484449999999996
216,225,216,G,epitope-D,-1.4702925
217,226,217,L,epitope-D,-2.160515
218,227,218,S,epitope-D,-0.5346325000000001
219,228,219,G,HA1,-3.5003952380952383
220,229,220,R,HA1,-4.196714285714286
221,230,221,I,HA1,-2.3868985
222,231,222,D,HA1,-0.5046554999999999
223,232,223,F,HA1,-1.7161874999999998
224,233,224,H,HA1,-1.63068
225,234,225,W,HA1,-2.6486380952380952
226,235,226,L,HA1,-0.71547
227,236,227,M,HA1,0.05564199999999999
228,237,228,L,HA1,-3.4510899999999998
229,238,229,N,HA1,0.11002350000000001
230,239,230,P,HA1,-0.0606665
231,240,231,N,HA1,-1.1934
232,241,232,D,HA1,-1.4550080952380953
233,242,233,T,epitope-D,-1.2343380952380951
234,243,234,V,HA1,-2.9582619047619048
235,244,235,T,HA1,-0.5426342857142857
236,245,236,F,HA1,-3.238923809523809
237,246,237,S,HA1,-0.5109033333333334
238,247,238,F,HA1,-1.9102857142857144
239,248,239,N,HA1,-1.325904761904762
240,249,240,G,HA1,-4.186733333333334
241,250,241,A,HA1,-2.115367619047619
242,251,242,F,HA1,-2.827700476190476
243,252,243,I,HA1,-3.0053452380952383
244,253,244,A,HA1,-1.8804471428571428
245,254,245,P,HA1,-2.4921690476190475
246,255,246,D,HA1,-1.2886099999999998
247,256,247,R,HA1,-0.779736
248,257,248,A,HA1,-1.7593055
249,258,249,S,HA1,-1.2298635
250,259,250,F,HA1,-0.657825
251,260,251,L,HA1,0.161146
252,261,252,R,HA1,-0.16327790000000003
253,261a,253,G,HA1,-0.4967969
254,263,254,K,HA1,-0.041370000000000004
255,264,255,S,HA1,-3.561585
256,265,256,M,HA1,-0.45684699999999995
257,266,257,G,HA1,-1.3243550000000002
258,267,258,I,HA1,-2.7244099999999998
259,268,259,Q,HA1,-2.3670999999999998
260,269,260,S,HA1,-2.5060215
261,270,261,G,epitope-C,-0.21548799999999999
262,271,262,V,epitope-C,-0.11639999999999999
263,272,263,Q,epitope-C,-0.464098
264,273,264,V,epitope-C,-0.11011750000000001
265,274,265,D,epitope-C,-0.8163789473684211
266,275,266,A,epitope-C,-0.02878549999999999
267,276,267,N,epitope-C,-0.5170375
268,277,268,C,epitope-C,-2.402015
269,278,269,E,epitope-C,-0.23265809523809522
270,279,270,G,HA1,-3.975435
271,280,271,D,HA1,0.001925499999999998
272,281,272,C,HA1,-4.441136363636364
273,282,273,Y,HA1,-3.270777857142857
274,283,274,H,HA1,-0.8708370000000001
275,284,275,S,HA1,-0.699653
276,285,276,G,HA1,-0.255728
277,286,277,G,HA1,-4.5256
278,287,278,T,HA1,-3.7652794999999997
279,288,279,I,HA1,-3.79389
280,289,280,I,HA1,-0.1303165
281,290,281,S,HA1,-0.42936949999999996
282,291,282,N,HA1,-0.12416749999999999
283,292,283,L,HA1,-1.2627625
284,293,284,P,HA1,-3.7155
285,294,285,F,HA1,-4.155855
286,295,286,Q,HA1,-4.116595
287,296,287,N,HA1,-2.21627
288,297,288,I,HA1,-3.26348
289,298,289,D,HA1,-0.405893
290,299,290,S,HA1,0.025615000000000006
291,300,291,R,HA1,-4.324428571428571
292,301,292,A,HA1,-1.040238
293,302,293,V,HA1,-0.8704525000000001
294,303,294,G,HA1,-4.56235
295,304,295,K,HA1,-0.06104
296,305,296,C,HA1,-4.555380952380952
297,306,297,P,HA1,-2.783625
298,307,298,R,HA1,-2.1717334999999998
299,308,299,Y,HA1,-3.6275199999999996
300,309,300,V,HA1,-3.9623150000000003
301,310,301,K,HA1,-0.396377
302,311,302,Q,HA1,-0.7554128571428571
303,312,303,R,HA1,-0.14593166666666665
304,313,304,S,HA1,-2.7677105
305,314,305,L,HA1,-3.825814285714286
306,315,306,L,HA1,-1.6197354999999998
307,316,307,L,HA1,-3.82111
308,317,308,A,HA1,-4.372655
309,318,309,T,HA1,-1.7638200000000002
310,319,310,G,HA1,-4.4022
311,320,311,M,HA1,-4.54625
312,321,312,K,HA1,-3.3719
313,322,313,N,HA1,-4.4372
314,323,314,V,HA1,-0.9632225
315,324,315,P,HA1,-0.5695105
316,325,316,E,HA1,-1.1821314285714286
317,326,317,I,HA1,0.03563714285714285
318,327,N/A (cleavage),P,cleavage site,-3.155666666666667
319,328,N/A (cleavage),K,cleavage site,-0.502752380952381
320,328a,N/A (cleavage),G,cleavage site,-0.8149747619047619
321,329,N/A (cleavage),R,cleavage site,-4.107771428571429
322,330,321,G,HA2,-3.9834095238095237
323,331,322,L,HA2,-3.2286333333333332
324,332,323,F,HA2,-3.7043142857142857
325,333,324,G,HA2,-3.7453499999999997
326,334,325,A,HA2,-4.06485
327,335,326,I,HA2,-3.8078000000000003
328,336,327,A,HA2,-4.36575
329,337,328,G,HA2,-4.567809523809524
330,338,329,F,HA2,-3.4958750000000003
331,339,330,I,HA2,-4.0862549999999995
332,340,331,E,HA2,-4.490619047619047
333,341,332,N,HA2,-2.55696
334,342,333,G,HA2,-4.509952380952381
335,343,334,W,HA2,-4.579571428571429
336,344,335,E,HA2,-1.3669333333333333
337,345,336,G,HA2,-4.400650000000001
338,346,337,L,HA2,-2.82871
339,347,338,I,HA2,-0.9453265
340,348,339,D,HA2,-0.988551
341,349,340,G,HA2,-4.4554
342,350,341,W,HA2,-4.4692380952380955
343,351,342,Y,HA2,-4.373904761904762
344,352,343,G,HA2,-3.258055
345,353,344,F,HA2,-3.927014
346,354,345,R,HA2,-2.1575333333333333
347,355,346,H,HA2,-2.7101238095238096
348,356,347,Q,HA2,-0.7690672727272727
349,357,348,N,HA2,-4.4696
350,358,349,A,HA2,-0.0693435
351,359,350,Q,HA2,-1.4247533333333333
352,360,351,G,HA2,-4.4325
353,361,352,E,HA2,-1.027332857142857
354,362,353,G,HA2,-3.33615
355,363,354,T,HA2,-0.9874600000000001
356,364,355,A,HA2,-3.39427
357,365,356,A,HA2,-3.4357115789473682
358,366,357,D,HA2,-3.62638
359,367,358,Y,HA2,-1.5387104761904762
360,368,359,K,HA2,-0.061345
361,369,360,S,HA2,-2.148771
362,370,361,T,HA2,-4.2555
363,371,362,Q,HA2,-0.7750642857142858
364,372,363,S,HA2,-0.291491
365,373,364,A,HA2,-3.010945
366,374,365,I,HA2,-1.8311419999999998
367,375,366,D,HA2,-0.5742
368,376,367,Q,HA2,-0.8780166666666667
369,377,368,I,HA2,-3.5016350000000003
370,378,369,T,HA2,-0.8033328571428572
371,379,370,G,HA2,-0.681932
372,380,371,K,HA2,-3.762905
373,381,372,L,HA2,-1.60439
374,382,373,N,HA2,-1.68214
375,383,374,R,HA2,-1.1041435
376,384,375,L,HA2,-3.171925
377,385,376,I,HA2,-2.688533333333333
378,386,377,E,HA2,-0.7817272727272727
379,387,378,K,HA2,-0.9539309523809524
380,388,379,T,HA2,-1.0944369999999999
381,389,380,N,HA2,-0.9806600000000001
382,390,381,Q,HA2,-0.960215625
383,391,382,Q,HA2,-1.0556277777777778
384,392,383,F,HA2,-0.0953565
385,393,384,E,HA2,-0.38505333333333336
386,394,385,L,HA2,-1.6456485
387,395,386,I,HA2,-2.038905
388,396,387,D,HA2,-1.57939
389,397,388,N,HA2,-1.527682
390,398,389,E,HA2,-1.8364333333333334
391,399,390,F,HA2,-2.70698
392,400,391,N,HA2,-0.6429325
393,401,392,E,HA2,-0.7200538095238095
394,402,393,V,HA2,-2.23768
395,403,394,E,HA2,-2.2124661904761904
396,404,395,K,HA2,-0.9440095
397,405,396,Q,HA2,-0.8381568749999999
398,406,397,I,HA2,-3.1780049999999997
399,407,398,G,HA2,-1.40097
400,408,399,N,HA2,-0.2752835
401,409,400,V,HA2,-3.1720099999999998
402,410,401,I,HA2,-4.039947619047619
403,411,402,N,HA2,-0.546697619047619
404,412,403,W,HA2,-3.955759090909091
405,413,404,T,HA2,-2.1079999999999997
406,414,405,R,HA2,-3.9131650000000002
407,415,406,D,HA2,-1.51516
408,416,407,S,HA2,-2.352905
409,417,408,I,HA2,-3.349235
410,418,409,T,HA2,-1.5815115
411,419,410,E,HA2,-2.902518181818182
412,420,411,V,HA2,-3.4627995238095237
413,421,412,W,HA2,-4.131009090909091
414,422,413,S,HA2,-3.633404761904762
415,423,414,Y,HA2,-3.7802714285714285
416,424,415,N,HA2,-3.6096666666666666
417,425,416,A,HA2,-3.3035714285714284
418,426,417,E,HA2,-1.5596761904761904
419,427,418,L,HA2,-2.974455
420,428,419,L,HA2,-3.2079999999999997
421,429,420,V,HA2,-3.5059599999999995
422,430,421,A,HA2,-1.1916238095238094
423,431,422,M,HA2,-3.2331142857142856
424,432,423,E,HA2,-2.4389238095238093
425,433,424,N,HA2,-4.3114
426,434,425,Q,HA2,-2.826452380952381
427,435,426,H,HA2,-2.70757
428,436,427,T,HA2,-3.119004761904762
429,437,428,I,HA2,-3.3799657142857145
430,438,429,D,HA2,-3.7249619047619045
431,439,430,L,HA2,-3.0233333333333334
432,440,431,A,HA2,-3.018547619047619
433,441,432,D,HA2,-2.764095238095238
434,442,433,S,HA2,-2.6306285714285713
435,443,434,E,HA2,-1.8223136363636363
436,444,435,M,HA2,-3.793538095238095
437,445,436,D,HA2,-2.342205
438,446,437,K,HA2,-2.933735
439,447,438,L,HA2,-3.8465375
440,448,439,Y,HA2,-3.042738095238095
441,449,440,E,HA2,-1.2689666666666666
442,450,441,R,HA2,-1.476355
443,451,442,V,HA2,-3.2605649999999997
444,452,443,K,HA2,-1.8714380952380951
445,453,444,R,HA2,-2.1552949999999997
446,454,445,Q,HA2,-1.3888904761904761
447,455,446,L,HA2,-3.7519350000000005
448,456,447,R,HA2,-4.145623809523809
449,457,448,E,HA2,-2.1378619047619045
450,458,449,N,HA2,-4.15498
451,459,450,A,HA2,-3.4552835
452,460,451,E,HA2,-4.47952380952381
453,461,452,E,HA2,-3.8922
454,462,453,D,HA2,-3.53275
455,463,454,G,HA2,-1.6765065
456,464,455,T,HA2,-0.7073499999999999
457,465,456,G,HA2,-4.3706499999999995
458,466,457,C,HA2,-4.537
459,467,458,F,HA2,-4.07355
460,468,459,E,HA2,-1.7484571428571427
461,469,460,I,HA2,-3.6070940499999997
462,470,461,F,HA2,-3.9049349999999996
463,471,462,H,HA2,-4.5446
464,472,463,K,HA2,-0.503735
465,473,464,C,HA2,-4.412238095238095
466,474,465,D,HA2,-1.6446100000000001
467,475,466,D,HA2,-0.345343
468,476,467,D,HA2,-0.091857
469,477,468,C,HA2,-4.44745
470,478,469,M,HA2,-3.8868250000000004
471,479,470,A,HA2,-0.31876099999999996
472,480,471,S,HA2,-1.194255
473,481,472,I,HA2,-4.0836145
474,482,473,R,HA2,-1.3965619047619047
475,483,474,N,HA2,-1.104465
476,484,475,N,HA2,-1.2276272727272728
477,485,476,T,HA2,-0.5675082352941176
478,486,477,Y,HA2,-3.54038625
479,487,478,D,HA2,-0.9375071428571428
480,488,479,H,HA2,-3.7503571428571427
481,489,480,S,HA2,-0.006495952380952395
482,490,481,K,HA2,-0.9238857142857144
483,491,482,Y,HA2,-3.726525
484,492,483,R,HA2,-4.30455
485,493,484,E,HA2,-0.5476071428571428
486,494,485,E,HA2,-1.6608550000000002
487,495,486,A,HA2,-4.121588235294118
488,496,487,M,HA2,-2.88516
489,497,488,Q,HA2,-1.1507071428571427
490,498,489,N,HA2,-1.0869325
491,499,490,R,HA2,-4.2280952380952375
492,500,491,I,HA2,-2.61792
493,501,492,Q,HA2,-1.0744052631578946
494,502,493,I,HA2,-3.44422
495,503,494,D,HA2,-0.633496
496,504,495,P,HA2,-0.320637
497,505,496,V,HA2,-2.867265
498,506,497,K,HA2,-0.34013888888888894
499,507,498,L,HA2,-2.8987214285714282
500,508,499,S,HA2,-1.020965
501,509,500,S,HA2,-0.605958
502,510,501,G,HA2,-2.0879950000000003
503,511,502,Y,HA2,-2.2232
504,512,503,K,HA2,-1.5972
505,513,504,D,HA2,-2.73579
506,514,505,V,HA2,-1.62897
