AA Position,WT AA,WT Codon,*,A,C,D,E,F,G,H,I,K,L,M,N,P,Q,R,S,T,V,W,Y,expected variants included in QC (excluding WT & NA),qc_passed (excluding WT & NA),Site Pass (>= 75% Variants excluding WT & NA Pass)
19,D,GAT,PASS,PASS,PASS,,PASS,PASS,PASS,PASS,PASS,PASS,PASS,PASS,PASS,PASS,PASS,PASS,PASS,PASS,PASS,PASS,PASS,20,20,PASS
20,K,AAG,,PASS,PASS,PASS,PASS,PASS,PASS,PASS,PASS,,PASS,PASS,PASS,PASS,PASS,PASS,PASS,PASS,PASS,PASS,PASS,19,19,PASS
21,I,ATC,PASS,PASS,PASS,PASS,PASS,PASS,PASS,PASS,,PASS,PASS,PASS,PASS,PASS,PASS,PASS,PASS,PASS,PASS,PASS,PASS,20,20,PASS
22,C,TGC,,PASS,,PASS,PASS,PASS,PASS,PASS,PASS,PASS,PASS,PASS,PASS,PASS,PASS,PASS,PASS,PASS,PASS,PASS,PASS,19,19,PASS
23,L,CTG,PASS,PASS,PASS,PASS,PASS,PASS,PASS,PASS,PASS,PASS,,PASS,PASS,PASS,PASS,PASS,PASS,PASS,PASS,PASS,PASS,20,20,PASS
24,G,GGC,,PASS,PASS,PASS,PASS,PASS,,PASS,PASS,PASS,PASS,PASS,PASS,PASS,PASS,PASS,PASS,PASS,PASS,PASS,PASS,19,19,PASS
25,H,CAC,PASS,PASS,PASS,PASS,PASS,PASS,PASS,,PASS,PASS,PASS,PASS,PASS,PASS,PASS,PASS,PASS,PASS,PASS,PASS,PASS,20,20,PASS
26,H,CAC,,PASS,PASS,PASS,PASS,PASS,PASS,,PASS,PASS,PASS,PASS,PASS,PASS,PASS,PASS,PASS,PASS,PASS,PASS,PASS,19,19,PASS
27,A,GCC,PASS,,PASS,PASS,PASS,PASS,PASS,PASS,PASS,PASS,PASS,PASS,PASS,PASS,PASS,PASS,PASS,PASS,PASS,PASS,PASS,20,20,PASS
28,V,GTG,,PASS,PASS,PASS,PASS,PASS,PASS,PASS,PASS,PASS,PASS,PASS,PASS,PASS,PASS,PASS,PASS,PASS,,PASS,PASS,19,19,PASS
29,S,TCC,PASS,PASS,PASS,PASS,PASS,PASS,PASS,PASS,PASS,PASS,PASS,PASS,PASS,PASS,PASS,PASS,,PASS,FAIL,PASS,PASS,20,19,PASS
30,N,AAC,,PASS,PASS,PASS,PASS,PASS,FAIL,PASS,PASS,PASS,PASS,PASS,,PASS,PASS,PASS,PASS,PASS,PASS,PASS,PASS,19,18,PASS
31,G,GGC,PASS,PASS,PASS,PASS,PASS,PASS,,PASS,PASS,PASS,PASS,PASS,PASS,PASS,PASS,PASS,PASS,PASS,PASS,PASS,PASS,20,20,PASS
32,T,ACC,,PASS,PASS,PASS,PASS,PASS,PASS,PASS,PASS,PASS,PASS,PASS,PASS,PASS,PASS,PASS,PASS,,FAIL,PASS,PASS,19,18,PASS
33,K,AAG,PASS,FAIL,PASS,PASS,PASS,PASS,PASS,PASS,PASS,,PASS,PASS,PASS,PASS,PASS,PASS,PASS,PASS,PASS,PASS,PASS,20,19,PASS
34,V,GTG,,PASS,PASS,PASS,PASS,PASS,PASS,PASS,PASS,PASS,PASS,PASS,PASS,PASS,PASS,PASS,PASS,PASS,,PASS,PASS,19,19,PASS
35,N,AAC,PASS,PASS,PASS,PASS,PASS,PASS,PASS,PASS,PASS,PASS,PASS,PASS,,PASS,PASS,PASS,PASS,PASS,PASS,PASS,PASS,20,20,PASS
36,T,ACC,,PASS,PASS,PASS,PASS,PASS,PASS,PASS,PASS,PASS,PASS,PASS,PASS,PASS,PASS,PASS,PASS,,PASS,PASS,PASS,19,19,PASS
37,L,CTG,PASS,PASS,PASS,PASS,PASS,PASS,PASS,PASS,PASS,PASS,,PASS,PASS,PASS,PASS,PASS,PASS,PASS,PASS,PASS,PASS,20,20,PASS
38,T,ACC,,PASS,PASS,PASS,PASS,PASS,PASS,PASS,PASS,PASS,PASS,PASS,PASS,PASS,PASS,PASS,PASS,,PASS,PASS,PASS,19,19,PASS
39,E,GAG,PASS,PASS,PASS,PASS,,PASS,PASS,PASS,PASS,PASS,PASS,PASS,PASS,PASS,PASS,PASS,PASS,PASS,PASS,PASS,PASS,20,20,PASS
40,R,AGG,,PASS,PASS,PASS,PASS,PASS,PASS,PASS,PASS,PASS,PASS,PASS,PASS,PASS,PASS,,PASS,PASS,PASS,PASS,PASS,19,19,PASS
41,G,GGA,PASS,PASS,PASS,PASS,PASS,PASS,,PASS,PASS,PASS,PASS,PASS,PASS,PASS,PASS,PASS,PASS,PASS,PASS,PASS,PASS,20,20,PASS
42,V,GTG,,PASS,PASS,PASS,PASS,PASS,PASS,PASS,PASS,PASS,PASS,PASS,PASS,PASS,PASS,PASS,PASS,PASS,,PASS,PASS,19,19,PASS
43,E,GAA,PASS,PASS,PASS,PASS,,PASS,PASS,PASS,PASS,PASS,PASS,PASS,PASS,PASS,PASS,PASS,PASS,PASS,PASS,PASS,PASS,20,20,PASS
44,V,GTG,,PASS,PASS,PASS,PASS,PASS,PASS,PASS,PASS,PASS,PASS,PASS,PASS,PASS,PASS,PASS,PASS,PASS,,PASS,PASS,19,19,PASS
45,V,GTG,PASS,PASS,PASS,PASS,PASS,PASS,PASS,PASS,PASS,PASS,PASS,PASS,PASS,PASS,PASS,PASS,PASS,PASS,,PASS,PASS,20,20,PASS
46,N,AAT,,PASS,PASS,PASS,PASS,PASS,PASS,PASS,PASS,PASS,PASS,PASS,,PASS,PASS,PASS,PASS,PASS,PASS,PASS,PASS,19,19,PASS
47,A,GCC,PASS,,PASS,PASS,PASS,PASS,PASS,PASS,PASS,PASS,PASS,PASS,PASS,PASS,PASS,PASS,PASS,PASS,PASS,PASS,PASS,20,20,PASS
48,T,ACC,,PASS,PASS,PASS,PASS,PASS,PASS,PASS,PASS,PASS,PASS,PASS,PASS,PASS,PASS,PASS,PASS,,PASS,PASS,PASS,19,19,PASS
49,E,GAA,PASS,PASS,PASS,PASS,,PASS,PASS,PASS,PASS,PASS,PASS,PASS,PASS,PASS,PASS,PASS,PASS,PASS,PASS,PASS,PASS,20,20,PASS
50,T,ACC,,PASS,PASS,PASS,PASS,PASS,PASS,PASS,PASS,PASS,PASS,PASS,PASS,PASS,PASS,PASS,PASS,,PASS,PASS,PASS,19,19,PASS
51,V,GTG,PASS,PASS,PASS,PASS,PASS,PASS,PASS,PASS,PASS,PASS,PASS,PASS,PASS,PASS,PASS,PASS,PASS,PASS,,PASS,PASS,20,20,PASS
52,E,GAA,,PASS,PASS,PASS,,PASS,PASS,PASS,PASS,PASS,PASS,PASS,PASS,PASS,PASS,PASS,PASS,PASS,PASS,PASS,PASS,19,19,PASS
53,R,CGG,PASS,PASS,PASS,PASS,PASS,PASS,PASS,PASS,PASS,PASS,PASS,PASS,PASS,PASS,PASS,,PASS,PASS,PASS,PASS,PASS,20,20,PASS
54,T,ACA,,PASS,PASS,PASS,PASS,PASS,PASS,PASS,PASS,PASS,PASS,PASS,PASS,PASS,PASS,PASS,PASS,,PASS,PASS,PASS,19,19,PASS
55,N,AAC,PASS,PASS,PASS,PASS,PASS,PASS,PASS,PASS,PASS,PASS,PASS,PASS,,PASS,PASS,PASS,PASS,PASS,PASS,PASS,PASS,20,20,PASS
56,I,ATC,,PASS,PASS,PASS,PASS,PASS,PASS,PASS,,PASS,PASS,PASS,PASS,PASS,PASS,PASS,PASS,PASS,PASS,PASS,PASS,19,19,PASS
57,P,CCT,PASS,PASS,PASS,PASS,PASS,PASS,PASS,PASS,PASS,PASS,PASS,PASS,PASS,,PASS,PASS,PASS,PASS,PASS,PASS,PASS,20,20,PASS
58,R,AGA,,PASS,PASS,PASS,PASS,PASS,PASS,PASS,PASS,PASS,PASS,PASS,PASS,PASS,PASS,,PASS,PASS,PASS,PASS,PASS,19,19,PASS
59,I,ATC,,PASS,PASS,PASS,PASS,PASS,PASS,PASS,,PASS,PASS,PASS,PASS,PASS,PASS,PASS,PASS,PASS,PASS,PASS,PASS,19,19,PASS
60,C,TGT,,PASS,,PASS,PASS,PASS,PASS,PASS,PASS,PASS,PASS,PASS,PASS,PASS,PASS,PASS,PASS,PASS,PASS,PASS,PASS,19,19,PASS
61,S,AGC,,PASS,PASS,PASS,PASS,PASS,PASS,PASS,PASS,PASS,PASS,PASS,PASS,PASS,PASS,PASS,,PASS,PASS,PASS,PASS,19,19,PASS
62,K,AAA,,PASS,PASS,PASS,PASS,PASS,PASS,PASS,PASS,,PASS,PASS,PASS,PASS,PASS,PASS,PASS,PASS,PASS,PASS,PASS,19,19,PASS
63,G,GGC,,PASS,PASS,PASS,PASS,PASS,,PASS,PASS,PASS,PASS,PASS,PASS,PASS,PASS,PASS,PASS,PASS,PASS,PASS,PASS,19,19,PASS
64,K,AAG,,PASS,PASS,PASS,PASS,PASS,PASS,PASS,PASS,,PASS,PASS,PASS,PASS,PASS,PASS,PASS,PASS,PASS,PASS,PASS,19,19,PASS
65,R,CGG,,PASS,PASS,PASS,PASS,PASS,PASS,PASS,PASS,PASS,PASS,PASS,PASS,PASS,PASS,,PASS,PASS,PASS,PASS,PASS,19,19,PASS
66,T,ACA,,PASS,PASS,PASS,PASS,PASS,PASS,PASS,PASS,PASS,PASS,PASS,PASS,PASS,PASS,PASS,PASS,,PASS,PASS,PASS,19,19,PASS
67,V,GTG,,PASS,PASS,PASS,PASS,PASS,PASS,PASS,PASS,PASS,PASS,PASS,PASS,PASS,PASS,PASS,PASS,PASS,,PASS,PASS,19,19,PASS
68,D,GAC,,PASS,PASS,,PASS,PASS,PASS,PASS,PASS,PASS,PASS,PASS,PASS,PASS,PASS,PASS,PASS,PASS,PASS,PASS,PASS,19,19,PASS
69,L,CTA,,PASS,PASS,PASS,PASS,PASS,PASS,PASS,PASS,PASS,,PASS,PASS,PASS,PASS,PASS,PASS,PASS,PASS,PASS,PASS,19,19,PASS
70,G,GGA,,PASS,PASS,PASS,PASS,PASS,,PASS,PASS,PASS,PASS,PASS,PASS,PASS,PASS,PASS,PASS,PASS,PASS,PASS,PASS,19,19,PASS
71,Q,CAG,,PASS,PASS,PASS,PASS,PASS,FAIL,PASS,PASS,PASS,PASS,PASS,PASS,PASS,,PASS,PASS,PASS,PASS,PASS,PASS,19,18,PASS
72,C,TGC,,PASS,,PASS,PASS,PASS,PASS,PASS,PASS,PASS,PASS,PASS,PASS,PASS,PASS,PASS,PASS,PASS,PASS,PASS,PASS,19,19,PASS
73,G,GGC,,PASS,PASS,PASS,PASS,PASS,,PASS,PASS,PASS,PASS,PASS,PASS,PASS,PASS,PASS,PASS,PASS,PASS,PASS,PASS,19,19,PASS
74,L,CTC,,PASS,PASS,PASS,PASS,PASS,PASS,PASS,PASS,PASS,,PASS,PASS,PASS,PASS,PASS,PASS,PASS,PASS,PASS,PASS,19,19,PASS
75,L,CTG,,PASS,PASS,PASS,PASS,PASS,PASS,PASS,PASS,PASS,,PASS,PASS,PASS,PASS,PASS,PASS,PASS,PASS,PASS,PASS,19,19,PASS
76,G,GGT,,PASS,PASS,PASS,PASS,PASS,,PASS,PASS,PASS,PASS,PASS,PASS,PASS,PASS,PASS,PASS,PASS,PASS,PASS,PASS,19,19,PASS
77,T,ACA,,PASS,PASS,PASS,PASS,PASS,PASS,PASS,PASS,PASS,PASS,PASS,PASS,PASS,PASS,PASS,PASS,,PASS,PASS,PASS,19,19,PASS
78,I,ATC,,PASS,PASS,PASS,PASS,PASS,PASS,PASS,,PASS,PASS,PASS,PASS,PASS,PASS,PASS,PASS,PASS,PASS,PASS,PASS,19,19,PASS
79,T,ACC,,PASS,PASS,PASS,PASS,PASS,PASS,PASS,PASS,PASS,PASS,PASS,PASS,PASS,PASS,PASS,PASS,,PASS,PASS,PASS,19,19,PASS
80,G,GGC,,PASS,PASS,PASS,PASS,PASS,,PASS,PASS,PASS,PASS,PASS,PASS,PASS,PASS,PASS,PASS,PASS,PASS,PASS,PASS,19,19,PASS
81,P,CCC,,PASS,PASS,PASS,PASS,PASS,PASS,PASS,PASS,PASS,PASS,PASS,PASS,,PASS,PASS,PASS,PASS,PASS,PASS,PASS,19,19,PASS
82,P,CCC,,PASS,PASS,PASS,PASS,PASS,PASS,PASS,PASS,PASS,PASS,PASS,PASS,,PASS,PASS,PASS,PASS,PASS,PASS,PASS,19,19,PASS
83,Q,CAA,,PASS,PASS,PASS,PASS,PASS,PASS,PASS,PASS,PASS,PASS,PASS,PASS,PASS,,PASS,PASS,PASS,PASS,PASS,PASS,19,19,PASS
84,C,TGT,,PASS,,PASS,PASS,PASS,PASS,PASS,PASS,PASS,PASS,PASS,PASS,PASS,PASS,PASS,PASS,PASS,PASS,PASS,PASS,19,19,PASS
85,D,GAT,,PASS,PASS,,PASS,PASS,PASS,PASS,PASS,PASS,PASS,PASS,PASS,PASS,PASS,PASS,PASS,PASS,PASS,PASS,PASS,19,19,PASS
86,Q,CAG,,PASS,PASS,PASS,PASS,PASS,PASS,PASS,PASS,PASS,PASS,PASS,PASS,PASS,,PASS,PASS,PASS,PASS,PASS,PASS,19,19,PASS
87,F,TTC,,PASS,PASS,PASS,PASS,,PASS,PASS,PASS,PASS,PASS,PASS,PASS,PASS,PASS,PASS,PASS,PASS,PASS,PASS,PASS,19,19,PASS
88,L,CTG,,PASS,PASS,PASS,PASS,PASS,FAIL,PASS,PASS,PASS,,PASS,PASS,PASS,PASS,PASS,PASS,PASS,PASS,PASS,PASS,19,18,PASS
89,E,GAA,,PASS,PASS,PASS,,PASS,PASS,PASS,PASS,PASS,PASS,PASS,PASS,PASS,PASS,PASS,PASS,PASS,PASS,PASS,PASS,19,19,PASS
90,F,TTC,,PASS,PASS,PASS,PASS,,PASS,PASS,PASS,PASS,PASS,PASS,PASS,PASS,PASS,PASS,PASS,PASS,PASS,PASS,PASS,19,19,PASS
91,S,AGC,,PASS,PASS,PASS,PASS,PASS,PASS,PASS,PASS,PASS,PASS,PASS,PASS,PASS,PASS,PASS,,PASS,PASS,PASS,PASS,19,19,PASS
92,A,GCC,,,PASS,PASS,PASS,PASS,PASS,PASS,PASS,PASS,PASS,PASS,PASS,PASS,FAIL,PASS,PASS,PASS,PASS,PASS,PASS,19,18,PASS
93,D,GAC,,PASS,PASS,,PASS,PASS,PASS,PASS,PASS,PASS,PASS,PASS,PASS,PASS,PASS,PASS,PASS,PASS,PASS,PASS,PASS,19,19,PASS
94,L,CTG,,PASS,PASS,PASS,PASS,PASS,PASS,PASS,PASS,PASS,,PASS,PASS,PASS,PASS,PASS,PASS,PASS,PASS,PASS,PASS,19,19,PASS
95,I,ATC,,PASS,PASS,PASS,PASS,PASS,PASS,PASS,,PASS,PASS,PASS,PASS,PASS,PASS,PASS,PASS,PASS,PASS,PASS,PASS,19,19,PASS
96,I,ATC,,PASS,PASS,PASS,PASS,PASS,PASS,PASS,,PASS,PASS,PASS,PASS,PASS,PASS,PASS,PASS,PASS,PASS,PASS,PASS,19,19,PASS
97,E,GAG,,PASS,PASS,PASS,,PASS,PASS,PASS,PASS,PASS,PASS,PASS,PASS,PASS,PASS,PASS,PASS,PASS,PASS,PASS,PASS,19,19,PASS
98,R,CGC,,PASS,PASS,PASS,PASS,PASS,PASS,PASS,PASS,PASS,PASS,PASS,PASS,PASS,PASS,,PASS,PASS,PASS,PASS,PASS,19,19,PASS
99,R,AGA,,PASS,PASS,PASS,PASS,PASS,PASS,PASS,PASS,PASS,PASS,PASS,PASS,PASS,PASS,,PASS,PASS,PASS,PASS,PASS,19,19,PASS
100,E,GAA,,PASS,PASS,PASS,,PASS,PASS,PASS,PASS,PASS,PASS,PASS,PASS,PASS,PASS,PASS,PASS,PASS,PASS,PASS,PASS,19,19,PASS
101,G,GGC,,PASS,PASS,PASS,PASS,PASS,,PASS,PASS,PASS,PASS,PASS,PASS,PASS,PASS,PASS,PASS,PASS,PASS,PASS,PASS,19,19,PASS
102,S,TCT,,PASS,PASS,PASS,PASS,PASS,PASS,PASS,PASS,PASS,PASS,PASS,PASS,PASS,PASS,PASS,,PASS,PASS,PASS,PASS,19,19,PASS
103,D,GAT,,PASS,PASS,,PASS,PASS,PASS,PASS,PASS,PASS,PASS,PASS,PASS,PASS,PASS,PASS,PASS,PASS,PASS,PASS,PASS,19,19,PASS
104,V,GTC,,PASS,PASS,PASS,PASS,PASS,PASS,PASS,PASS,PASS,PASS,PASS,PASS,PASS,PASS,PASS,PASS,PASS,,PASS,PASS,19,19,PASS
105,C,TGC,,PASS,,PASS,PASS,PASS,PASS,PASS,PASS,PASS,PASS,PASS,PASS,PASS,PASS,PASS,PASS,PASS,PASS,PASS,PASS,19,19,PASS
106,Y,TAC,,PASS,PASS,PASS,PASS,PASS,PASS,PASS,PASS,PASS,PASS,PASS,PASS,PASS,PASS,PASS,PASS,PASS,PASS,PASS,,19,19,PASS
107,P,CCT,,PASS,PASS,PASS,PASS,PASS,PASS,PASS,PASS,PASS,PASS,PASS,PASS,,PASS,PASS,PASS,PASS,PASS,PASS,PASS,19,19,PASS
108,G,GGC,,PASS,PASS,PASS,PASS,PASS,,PASS,PASS,PASS,PASS,PASS,PASS,PASS,PASS,PASS,PASS,PASS,PASS,PASS,PASS,19,19,PASS
109,K,AAA,,PASS,PASS,PASS,PASS,PASS,PASS,PASS,PASS,,PASS,PASS,PASS,PASS,PASS,PASS,PASS,PASS,PASS,PASS,PASS,19,19,PASS
110,F,TTC,,PASS,PASS,PASS,PASS,,PASS,PASS,PASS,PASS,PASS,PASS,PASS,PASS,PASS,PASS,PASS,PASS,PASS,PASS,PASS,19,19,PASS
111,V,GTG,,PASS,PASS,PASS,PASS,PASS,PASS,PASS,PASS,PASS,PASS,PASS,PASS,PASS,PASS,PASS,PASS,PASS,,PASS,PASS,19,19,PASS
112,N,AAC,,PASS,PASS,PASS,PASS,PASS,PASS,PASS,PASS,PASS,PASS,PASS,,PASS,PASS,PASS,PASS,PASS,PASS,PASS,PASS,19,19,PASS
113,E,GAG,,PASS,PASS,PASS,,PASS,PASS,PASS,PASS,PASS,PASS,PASS,PASS,PASS,PASS,PASS,PASS,PASS,PASS,PASS,PASS,19,19,PASS
114,E,GAA,,PASS,PASS,PASS,,PASS,PASS,PASS,PASS,PASS,PASS,PASS,PASS,PASS,PASS,PASS,PASS,PASS,PASS,PASS,PASS,19,19,PASS
115,A,GCT,,,PASS,PASS,PASS,PASS,PASS,PASS,PASS,PASS,PASS,PASS,PASS,PASS,PASS,PASS,PASS,PASS,PASS,PASS,PASS,19,19,PASS
116,L,CTG,,PASS,PASS,PASS,PASS,PASS,PASS,PASS,PASS,PASS,,PASS,PASS,PASS,PASS,PASS,PASS,PASS,PASS,PASS,PASS,19,19,PASS
117,R,AGA,,PASS,PASS,PASS,PASS,PASS,PASS,PASS,PASS,PASS,PASS,PASS,PASS,PASS,PASS,,PASS,PASS,PASS,PASS,PASS,19,19,PASS
118,Q,CAG,,PASS,PASS,PASS,PASS,PASS,PASS,PASS,PASS,PASS,PASS,PASS,PASS,PASS,,PASS,PASS,PASS,PASS,PASS,PASS,19,19,PASS
119,I,ATC,,PASS,PASS,PASS,PASS,PASS,PASS,PASS,,PASS,PASS,PASS,PASS,PASS,PASS,PASS,PASS,PASS,PASS,PASS,PASS,19,19,PASS
120,L,CTG,,PASS,PASS,PASS,PASS,PASS,PASS,PASS,PASS,PASS,,PASS,PASS,PASS,PASS,PASS,PASS,PASS,PASS,PASS,PASS,19,19,PASS
121,R,CGA,,PASS,PASS,PASS,PASS,PASS,PASS,PASS,PASS,PASS,PASS,PASS,PASS,PASS,PASS,,PASS,PASS,PASS,PASS,PASS,19,19,PASS
122,E,GAG,,PASS,PASS,PASS,,PASS,PASS,PASS,PASS,PASS,PASS,PASS,PASS,PASS,PASS,PASS,PASS,PASS,PASS,PASS,PASS,19,19,PASS
123,S,AGC,,PASS,PASS,PASS,PASS,PASS,PASS,PASS,PASS,PASS,PASS,PASS,PASS,PASS,PASS,PASS,,PASS,PASS,PASS,PASS,19,19,PASS
124,G,GGC,,PASS,PASS,PASS,PASS,PASS,,PASS,PASS,PASS,PASS,PASS,PASS,PASS,PASS,PASS,PASS,PASS,PASS,PASS,PASS,19,19,PASS
125,G,GGT,,PASS,PASS,PASS,PASS,PASS,,PASS,PASS,PASS,PASS,PASS,PASS,PASS,PASS,PASS,PASS,PASS,PASS,PASS,PASS,19,19,PASS
126,I,ATC,,PASS,PASS,PASS,PASS,PASS,PASS,PASS,,PASS,PASS,PASS,PASS,PASS,PASS,PASS,PASS,PASS,PASS,PASS,PASS,19,19,PASS
127,D,GAC,,PASS,PASS,,PASS,PASS,PASS,PASS,PASS,PASS,PASS,PASS,PASS,PASS,PASS,PASS,PASS,PASS,PASS,PASS,PASS,19,19,PASS
128,K,AAA,,PASS,PASS,PASS,PASS,PASS,PASS,PASS,PASS,,PASS,PASS,PASS,PASS,PASS,PASS,PASS,PASS,PASS,PASS,PASS,19,19,PASS
129,E,GAG,,PASS,PASS,PASS,,PASS,PASS,PASS,PASS,PASS,PASS,PASS,PASS,PASS,PASS,PASS,PASS,PASS,PASS,PASS,PASS,19,19,PASS
130,A,GCC,,,PASS,PASS,PASS,PASS,PASS,PASS,PASS,PASS,PASS,PASS,PASS,PASS,PASS,PASS,PASS,PASS,PASS,PASS,PASS,19,19,PASS
131,M,ATG,,PASS,PASS,PASS,PASS,PASS,PASS,PASS,PASS,PASS,PASS,,PASS,PASS,PASS,PASS,PASS,PASS,PASS,PASS,PASS,19,19,PASS
132,G,GGC,,PASS,PASS,PASS,PASS,PASS,,PASS,PASS,PASS,PASS,PASS,PASS,PASS,PASS,PASS,PASS,PASS,PASS,PASS,PASS,19,19,PASS
133,F,TTC,,PASS,PASS,PASS,PASS,,PASS,PASS,PASS,PASS,PASS,PASS,PASS,PASS,PASS,PASS,PASS,PASS,PASS,PASS,PASS,19,19,PASS
134,T,ACC,,PASS,PASS,PASS,PASS,PASS,PASS,PASS,PASS,PASS,PASS,PASS,PASS,PASS,PASS,PASS,PASS,,PASS,PASS,PASS,19,19,PASS
135,Y,TAC,,PASS,PASS,PASS,PASS,PASS,PASS,PASS,PASS,PASS,PASS,PASS,PASS,PASS,PASS,PASS,PASS,PASS,PASS,PASS,,19,19,PASS
136,S,AGC,,PASS,PASS,PASS,PASS,PASS,PASS,PASS,PASS,PASS,PASS,PASS,PASS,PASS,PASS,PASS,,PASS,PASS,PASS,PASS,19,19,PASS
137,G,GGA,,PASS,PASS,PASS,PASS,PASS,,PASS,PASS,PASS,PASS,PASS,PASS,PASS,PASS,PASS,PASS,PASS,PASS,PASS,PASS,19,19,PASS
138,I,ATC,,PASS,PASS,PASS,PASS,PASS,PASS,PASS,,PASS,PASS,PASS,PASS,PASS,PASS,PASS,PASS,PASS,PASS,PASS,PASS,19,19,PASS
139,R,AGA,,PASS,PASS,PASS,PASS,PASS,PASS,PASS,PASS,PASS,PASS,PASS,PASS,PASS,PASS,,PASS,PASS,PASS,PASS,PASS,19,19,PASS
140,T,ACC,,PASS,PASS,PASS,PASS,PASS,PASS,PASS,PASS,PASS,PASS,PASS,PASS,PASS,PASS,PASS,PASS,,PASS,PASS,PASS,19,19,PASS
141,N,AAC,,PASS,PASS,PASS,PASS,PASS,PASS,PASS,PASS,PASS,PASS,PASS,,PASS,PASS,PASS,PASS,PASS,PASS,PASS,PASS,19,19,PASS
142,G,GGA,,PASS,PASS,PASS,PASS,PASS,,PASS,PASS,PASS,PASS,PASS,PASS,PASS,PASS,PASS,PASS,PASS,PASS,PASS,PASS,19,19,PASS
143,A,GCC,,,PASS,PASS,PASS,PASS,PASS,PASS,PASS,PASS,PASS,PASS,PASS,PASS,PASS,PASS,PASS,PASS,PASS,PASS,PASS,19,19,PASS
144,T,ACA,,PASS,PASS,PASS,PASS,PASS,PASS,PASS,PASS,PASS,PASS,PASS,PASS,PASS,PASS,PASS,PASS,,PASS,PASS,PASS,19,19,PASS
145,S,AGC,,PASS,PASS,PASS,PASS,PASS,PASS,PASS,PASS,PASS,PASS,PASS,PASS,PASS,PASS,PASS,,PASS,PASS,PASS,PASS,19,19,PASS
146,A,GCC,,,PASS,PASS,PASS,PASS,PASS,PASS,PASS,PASS,PASS,PASS,PASS,PASS,PASS,PASS,PASS,PASS,PASS,PASS,PASS,19,19,PASS
147,C,TGC,,PASS,,PASS,PASS,PASS,PASS,PASS,PASS,PASS,PASS,PASS,PASS,PASS,PASS,PASS,PASS,PASS,PASS,PASS,PASS,19,19,PASS
148,R,AGA,,PASS,FAIL,PASS,PASS,PASS,PASS,PASS,PASS,PASS,PASS,PASS,PASS,PASS,PASS,,PASS,PASS,PASS,PASS,PASS,19,18,PASS
149,R,CGG,,PASS,PASS,PASS,PASS,PASS,PASS,PASS,PASS,PASS,PASS,PASS,PASS,PASS,PASS,,PASS,PASS,PASS,PASS,PASS,19,19,PASS
150,S,TCT,,PASS,PASS,PASS,PASS,PASS,PASS,PASS,PASS,PASS,PASS,PASS,PASS,PASS,PASS,PASS,,PASS,PASS,PASS,PASS,19,19,PASS
151,G,GGC,,PASS,PASS,PASS,PASS,PASS,,PASS,PASS,PASS,PASS,PASS,PASS,PASS,PASS,PASS,PASS,PASS,PASS,PASS,PASS,19,19,PASS
152,S,AGC,,PASS,PASS,PASS,PASS,PASS,PASS,PASS,PASS,PASS,PASS,PASS,PASS,PASS,PASS,PASS,,PASS,PASS,PASS,PASS,19,19,PASS
153,S,AGC,,PASS,PASS,PASS,PASS,PASS,PASS,PASS,PASS,PASS,PASS,PASS,PASS,PASS,PASS,PASS,,PASS,PASS,PASS,PASS,19,19,PASS
154,F,TTC,,PASS,PASS,PASS,PASS,,PASS,PASS,PASS,PASS,PASS,PASS,PASS,PASS,FAIL,PASS,PASS,PASS,PASS,PASS,PASS,19,18,PASS
155,Y,TAC,,PASS,PASS,PASS,PASS,PASS,PASS,PASS,PASS,PASS,PASS,PASS,PASS,PASS,PASS,PASS,PASS,PASS,PASS,PASS,,19,19,PASS
156,A,GCC,,,PASS,PASS,PASS,PASS,PASS,PASS,PASS,PASS,PASS,PASS,PASS,PASS,PASS,PASS,PASS,PASS,PASS,PASS,PASS,19,19,PASS
157,E,GAG,,PASS,PASS,PASS,,PASS,PASS,PASS,PASS,PASS,PASS,PASS,PASS,PASS,PASS,PASS,PASS,PASS,PASS,PASS,PASS,19,19,PASS
158,M,ATG,,PASS,PASS,PASS,PASS,PASS,PASS,PASS,PASS,PASS,PASS,,PASS,PASS,PASS,PASS,PASS,PASS,PASS,PASS,PASS,19,19,PASS
159,K,AAA,,PASS,PASS,PASS,PASS,PASS,PASS,PASS,PASS,,PASS,PASS,PASS,PASS,PASS,PASS,PASS,PASS,PASS,PASS,PASS,19,19,PASS
160,W,TGG,,PASS,PASS,PASS,PASS,PASS,PASS,PASS,PASS,PASS,PASS,PASS,PASS,PASS,PASS,PASS,PASS,PASS,PASS,,PASS,19,19,PASS
161,L,CTG,,PASS,PASS,PASS,PASS,PASS,PASS,PASS,PASS,PASS,,PASS,PASS,PASS,PASS,PASS,PASS,PASS,PASS,PASS,PASS,19,19,PASS
162,L,CTG,,PASS,PASS,PASS,PASS,PASS,PASS,PASS,PASS,PASS,,PASS,PASS,PASS,PASS,PASS,PASS,PASS,PASS,PASS,PASS,19,19,PASS
163,S,TCT,,PASS,PASS,PASS,PASS,PASS,PASS,PASS,PASS,PASS,PASS,PASS,PASS,PASS,PASS,PASS,,PASS,PASS,PASS,PASS,19,19,PASS
164,N,AAT,,PASS,PASS,PASS,PASS,PASS,PASS,PASS,PASS,PASS,PASS,PASS,,PASS,PASS,PASS,PASS,PASS,PASS,PASS,PASS,19,19,PASS
165,T,ACT,,PASS,PASS,PASS,PASS,PASS,PASS,PASS,PASS,PASS,PASS,PASS,PASS,PASS,PASS,PASS,PASS,,PASS,PASS,PASS,19,19,PASS
166,D,GAT,,PASS,PASS,,PASS,PASS,PASS,PASS,PASS,PASS,PASS,PASS,PASS,PASS,PASS,PASS,PASS,PASS,PASS,PASS,PASS,19,19,PASS
167,N,AAC,,PASS,PASS,PASS,PASS,PASS,PASS,PASS,PASS,PASS,PASS,PASS,,PASS,PASS,PASS,PASS,PASS,PASS,PASS,PASS,19,19,PASS
168,A,GCT,,,FAIL,FAIL,FAIL,FAIL,FAIL,FAIL,FAIL,FAIL,FAIL,FAIL,FAIL,FAIL,FAIL,FAIL,FAIL,FAIL,FAIL,FAIL,FAIL,19,0,FAIL
169,A,GCT,,,FAIL,FAIL,FAIL,FAIL,FAIL,FAIL,FAIL,FAIL,FAIL,FAIL,FAIL,FAIL,FAIL,FAIL,FAIL,FAIL,FAIL,FAIL,FAIL,19,0,FAIL
170,F,TTC,,PASS,PASS,PASS,PASS,,PASS,PASS,PASS,PASS,PASS,PASS,PASS,PASS,PASS,PASS,PASS,PASS,PASS,PASS,PASS,19,19,PASS
171,P,CCT,,FAIL,FAIL,FAIL,FAIL,FAIL,FAIL,FAIL,FAIL,FAIL,FAIL,FAIL,FAIL,,FAIL,FAIL,FAIL,FAIL,FAIL,FAIL,FAIL,19,0,FAIL
172,Q,CAA,,FAIL,FAIL,FAIL,FAIL,FAIL,FAIL,FAIL,FAIL,FAIL,FAIL,FAIL,FAIL,FAIL,,FAIL,FAIL,FAIL,FAIL,FAIL,FAIL,19,0,FAIL
173,M,ATG,,FAIL,FAIL,FAIL,FAIL,FAIL,FAIL,FAIL,FAIL,FAIL,FAIL,,FAIL,FAIL,FAIL,FAIL,FAIL,FAIL,FAIL,FAIL,FAIL,19,0,FAIL
174,T,ACC,,FAIL,FAIL,FAIL,FAIL,FAIL,FAIL,FAIL,FAIL,FAIL,FAIL,FAIL,FAIL,FAIL,FAIL,FAIL,FAIL,,FAIL,FAIL,FAIL,19,0,FAIL
175,K,AAG,,PASS,PASS,PASS,PASS,PASS,PASS,PASS,PASS,,PASS,PASS,PASS,PASS,PASS,PASS,PASS,PASS,PASS,PASS,PASS,19,19,PASS
176,S,TCA,,PASS,PASS,PASS,PASS,PASS,PASS,PASS,PASS,PASS,PASS,PASS,PASS,PASS,PASS,PASS,,PASS,PASS,PASS,PASS,19,19,PASS
177,Y,TAT,,PASS,PASS,PASS,PASS,PASS,PASS,PASS,PASS,PASS,PASS,PASS,PASS,PASS,PASS,PASS,PASS,PASS,PASS,PASS,,19,19,PASS
178,K,AAG,,PASS,PASS,PASS,PASS,PASS,PASS,PASS,PASS,,PASS,PASS,PASS,PASS,PASS,PASS,PASS,PASS,PASS,PASS,PASS,19,19,PASS
179,N,AAC,,PASS,PASS,PASS,PASS,PASS,PASS,PASS,PASS,PASS,PASS,PASS,,PASS,PASS,PASS,PASS,PASS,PASS,PASS,PASS,19,19,PASS
180,T,ACC,,PASS,PASS,PASS,PASS,PASS,PASS,PASS,PASS,PASS,PASS,PASS,PASS,PASS,PASS,PASS,PASS,,PASS,PASS,PASS,19,19,PASS
181,R,CGG,,PASS,PASS,PASS,PASS,PASS,PASS,PASS,FAIL,PASS,PASS,PASS,PASS,PASS,PASS,,PASS,PASS,PASS,PASS,PASS,19,18,PASS
182,K,AAG,,PASS,PASS,PASS,PASS,PASS,PASS,PASS,PASS,,PASS,PASS,PASS,PASS,PASS,PASS,PASS,PASS,PASS,PASS,PASS,19,19,PASS
183,S,TCC,,PASS,PASS,PASS,PASS,PASS,PASS,PASS,PASS,PASS,PASS,PASS,PASS,PASS,PASS,PASS,,PASS,PASS,PASS,PASS,19,19,PASS
184,P,CCA,,PASS,PASS,PASS,PASS,PASS,PASS,PASS,PASS,PASS,PASS,PASS,PASS,,PASS,PASS,PASS,PASS,PASS,PASS,PASS,19,19,PASS
185,A,GCC,,,PASS,PASS,PASS,PASS,PASS,FAIL,PASS,PASS,PASS,PASS,PASS,PASS,PASS,PASS,PASS,PASS,PASS,PASS,PASS,19,18,PASS
186,L,CTG,,PASS,PASS,PASS,PASS,PASS,PASS,PASS,PASS,PASS,,PASS,PASS,PASS,PASS,PASS,PASS,PASS,PASS,PASS,PASS,19,19,PASS
187,I,ATT,,PASS,PASS,PASS,PASS,PASS,PASS,PASS,,PASS,PASS,PASS,PASS,PASS,PASS,PASS,PASS,PASS,PASS,PASS,PASS,19,19,PASS
188,V,GTG,,PASS,PASS,PASS,PASS,PASS,FAIL,PASS,PASS,PASS,PASS,PASS,PASS,PASS,PASS,PASS,PASS,PASS,,PASS,PASS,19,18,PASS
189,W,TGG,,PASS,PASS,PASS,PASS,PASS,PASS,PASS,PASS,PASS,PASS,PASS,PASS,PASS,PASS,PASS,PASS,PASS,FAIL,,PASS,19,18,PASS
190,G,GGC,,PASS,PASS,PASS,PASS,PASS,,PASS,PASS,PASS,PASS,PASS,PASS,PASS,PASS,PASS,PASS,PASS,PASS,PASS,PASS,19,19,PASS
191,I,ATC,,PASS,PASS,PASS,PASS,PASS,PASS,PASS,,PASS,PASS,PASS,PASS,PASS,PASS,PASS,PASS,PASS,PASS,PASS,PASS,19,19,PASS
192,H,CAC,,PASS,PASS,PASS,PASS,PASS,PASS,,PASS,PASS,PASS,PASS,PASS,PASS,PASS,PASS,PASS,PASS,PASS,PASS,PASS,19,19,PASS
193,H,CAC,,PASS,PASS,PASS,PASS,PASS,PASS,,PASS,PASS,PASS,PASS,PASS,PASS,PASS,PASS,PASS,PASS,PASS,PASS,PASS,19,19,PASS
194,S,AGC,,PASS,PASS,PASS,PASS,PASS,PASS,PASS,PASS,PASS,PASS,PASS,PASS,PASS,PASS,PASS,,PASS,PASS,PASS,PASS,19,19,PASS
195,V,GTG,,PASS,PASS,PASS,PASS,PASS,PASS,PASS,PASS,PASS,PASS,PASS,PASS,PASS,PASS,PASS,PASS,PASS,,PASS,PASS,19,19,PASS
196,S,TCT,,PASS,PASS,PASS,PASS,PASS,PASS,PASS,PASS,PASS,PASS,PASS,PASS,PASS,PASS,PASS,,PASS,PASS,PASS,PASS,19,19,PASS
197,T,ACA,,PASS,PASS,PASS,PASS,PASS,PASS,PASS,PASS,PASS,PASS,PASS,PASS,PASS,PASS,PASS,PASS,,PASS,PASS,PASS,19,19,PASS
198,A,GCC,,,PASS,PASS,PASS,PASS,PASS,PASS,PASS,PASS,PASS,PASS,PASS,PASS,PASS,PASS,PASS,PASS,PASS,PASS,PASS,19,19,PASS
199,E,GAA,,PASS,PASS,PASS,,PASS,PASS,PASS,PASS,PASS,PASS,PASS,PASS,PASS,PASS,PASS,PASS,PASS,PASS,PASS,PASS,19,19,PASS
200,Q,CAG,,PASS,PASS,PASS,PASS,PASS,PASS,PASS,PASS,PASS,PASS,PASS,PASS,PASS,,PASS,PASS,PASS,PASS,PASS,PASS,19,19,PASS
201,T,ACA,,PASS,PASS,PASS,PASS,PASS,PASS,PASS,PASS,PASS,PASS,PASS,PASS,PASS,PASS,PASS,PASS,,PASS,PASS,PASS,19,19,PASS
202,K,AAG,,PASS,PASS,PASS,PASS,PASS,PASS,PASS,PASS,,PASS,PASS,PASS,PASS,PASS,PASS,PASS,PASS,PASS,PASS,PASS,19,19,PASS
203,L,CTG,,PASS,PASS,PASS,PASS,PASS,PASS,PASS,PASS,PASS,,PASS,PASS,PASS,PASS,PASS,PASS,PASS,PASS,PASS,PASS,19,19,PASS
204,Y,TAC,,PASS,PASS,PASS,PASS,PASS,PASS,PASS,PASS,PASS,PASS,PASS,PASS,FAIL,PASS,PASS,PASS,PASS,PASS,PASS,,19,18,PASS
205,G,GGC,,PASS,PASS,PASS,PASS,PASS,,PASS,PASS,PASS,PASS,PASS,PASS,PASS,PASS,PASS,PASS,PASS,PASS,PASS,PASS,19,19,PASS
206,S,TCC,,PASS,PASS,PASS,PASS,PASS,PASS,PASS,PASS,PASS,PASS,PASS,PASS,PASS,PASS,PASS,,PASS,PASS,PASS,PASS,19,19,PASS
207,G,GGA,,PASS,PASS,PASS,PASS,PASS,,PASS,PASS,PASS,PASS,PASS,PASS,PASS,PASS,PASS,PASS,PASS,PASS,PASS,PASS,19,19,PASS
208,N,AAT,,PASS,PASS,PASS,PASS,PASS,PASS,PASS,PASS,PASS,PASS,PASS,,PASS,PASS,PASS,PASS,PASS,PASS,PASS,PASS,19,19,PASS
209,K,AAG,,PASS,PASS,PASS,PASS,PASS,PASS,PASS,PASS,,PASS,PASS,PASS,PASS,PASS,PASS,PASS,PASS,PASS,PASS,PASS,19,19,PASS
210,L,CTG,,PASS,PASS,PASS,PASS,PASS,PASS,PASS,PASS,PASS,,PASS,PASS,PASS,PASS,PASS,PASS,PASS,PASS,PASS,PASS,19,19,PASS
211,V,GTG,,PASS,PASS,PASS,PASS,PASS,PASS,PASS,PASS,PASS,PASS,PASS,PASS,PASS,PASS,PASS,PASS,PASS,,PASS,PASS,19,19,PASS
212,T,ACC,,PASS,PASS,PASS,PASS,PASS,PASS,PASS,PASS,PASS,FAIL,PASS,PASS,PASS,PASS,PASS,PASS,,FAIL,PASS,PASS,19,17,PASS
213,V,GTG,,PASS,PASS,PASS,PASS,PASS,PASS,PASS,PASS,PASS,PASS,PASS,PASS,PASS,PASS,PASS,PASS,PASS,,PASS,PASS,19,19,PASS
214,G,GGA,,PASS,PASS,PASS,PASS,PASS,,PASS,PASS,PASS,PASS,PASS,PASS,PASS,PASS,PASS,PASS,PASS,PASS,PASS,PASS,19,19,PASS
215,S,AGC,,PASS,PASS,PASS,PASS,PASS,PASS,PASS,PASS,PASS,PASS,PASS,PASS,PASS,PASS,PASS,,PASS,PASS,PASS,PASS,19,19,PASS
216,S,TCC,,PASS,PASS,PASS,PASS,PASS,PASS,PASS,PASS,PASS,PASS,PASS,PASS,PASS,PASS,PASS,,PASS,PASS,PASS,PASS,19,19,PASS
217,N,AAC,,PASS,PASS,PASS,PASS,PASS,PASS,PASS,PASS,PASS,PASS,PASS,,PASS,PASS,PASS,PASS,PASS,PASS,PASS,PASS,19,19,PASS
218,Y,TAC,,PASS,PASS,PASS,PASS,PASS,PASS,PASS,PASS,PASS,PASS,PASS,PASS,PASS,PASS,PASS,PASS,PASS,PASS,PASS,,19,19,PASS
219,Q,CAG,,PASS,PASS,PASS,PASS,PASS,PASS,PASS,PASS,PASS,PASS,PASS,PASS,PASS,,PASS,PASS,PASS,PASS,PASS,PASS,19,19,PASS
220,Q,CAA,,PASS,PASS,PASS,PASS,PASS,PASS,PASS,PASS,PASS,PASS,PASS,PASS,PASS,,PASS,PASS,PASS,PASS,FAIL,PASS,19,18,PASS
221,S,AGC,,PASS,PASS,PASS,PASS,PASS,PASS,PASS,PASS,PASS,PASS,PASS,PASS,PASS,PASS,PASS,,PASS,PASS,PASS,PASS,19,19,PASS
222,F,TTC,,PASS,PASS,PASS,PASS,,PASS,PASS,PASS,PASS,PASS,PASS,PASS,PASS,PASS,PASS,PASS,PASS,PASS,PASS,PASS,19,19,PASS
223,V,GTG,,PASS,PASS,PASS,PASS,PASS,PASS,PASS,PASS,PASS,PASS,PASS,PASS,PASS,PASS,PASS,PASS,PASS,,PASS,PASS,19,19,PASS
224,P,CCT,,PASS,PASS,PASS,PASS,PASS,PASS,PASS,PASS,PASS,PASS,PASS,PASS,,PASS,PASS,PASS,PASS,PASS,PASS,PASS,19,19,PASS
225,S,AGC,,PASS,PASS,PASS,PASS,PASS,PASS,PASS,PASS,PASS,PASS,PASS,PASS,PASS,PASS,PASS,,PASS,PASS,PASS,PASS,19,19,PASS
226,P,CCA,,PASS,PASS,PASS,PASS,PASS,PASS,PASS,PASS,PASS,PASS,PASS,PASS,,PASS,PASS,PASS,PASS,PASS,PASS,PASS,19,19,PASS
227,G,GGC,,PASS,PASS,PASS,PASS,PASS,,PASS,PASS,PASS,PASS,PASS,PASS,PASS,PASS,PASS,PASS,PASS,PASS,PASS,PASS,19,19,PASS
228,A,GCC,,,PASS,PASS,PASS,PASS,PASS,PASS,PASS,PASS,PASS,PASS,PASS,PASS,PASS,PASS,PASS,PASS,PASS,PASS,PASS,19,19,PASS
229,R,AGA,,PASS,PASS,PASS,PASS,PASS,PASS,PASS,PASS,PASS,PASS,PASS,PASS,PASS,PASS,,PASS,PASS,PASS,PASS,PASS,19,19,PASS
230,P,CCT,,PASS,PASS,PASS,PASS,PASS,PASS,PASS,PASS,PASS,PASS,PASS,PASS,,PASS,PASS,PASS,PASS,PASS,PASS,PASS,19,19,PASS
231,Q,CAG,,PASS,PASS,PASS,PASS,PASS,PASS,PASS,PASS,PASS,PASS,PASS,PASS,PASS,,PASS,PASS,PASS,PASS,PASS,PASS,19,19,PASS
232,V,GTG,,FAIL,PASS,PASS,PASS,PASS,PASS,PASS,PASS,PASS,PASS,PASS,PASS,PASS,PASS,PASS,PASS,PASS,,PASS,PASS,19,18,PASS
233,N,AAC,,PASS,PASS,PASS,PASS,PASS,PASS,PASS,PASS,PASS,PASS,PASS,,PASS,PASS,PASS,PASS,PASS,PASS,PASS,PASS,19,19,PASS
234,G,GGC,,PASS,PASS,PASS,PASS,PASS,,PASS,PASS,PASS,PASS,PASS,PASS,PASS,PASS,PASS,PASS,PASS,PASS,PASS,PASS,19,19,PASS
235,L,CTG,,PASS,PASS,PASS,PASS,PASS,PASS,PASS,PASS,PASS,,PASS,PASS,PASS,PASS,PASS,PASS,PASS,PASS,PASS,PASS,19,19,PASS
236,S,AGC,,PASS,PASS,PASS,PASS,PASS,PASS,PASS,PASS,PASS,PASS,PASS,PASS,PASS,PASS,PASS,,PASS,PASS,PASS,PASS,19,19,PASS
237,G,GGA,,PASS,PASS,PASS,PASS,PASS,,PASS,PASS,PASS,PASS,PASS,PASS,PASS,PASS,PASS,PASS,PASS,PASS,PASS,PASS,19,19,PASS
238,R,AGA,,PASS,PASS,PASS,PASS,PASS,PASS,PASS,PASS,PASS,PASS,PASS,PASS,PASS,PASS,,PASS,PASS,PASS,PASS,PASS,19,19,PASS
239,I,ATC,,PASS,PASS,PASS,PASS,PASS,PASS,PASS,,PASS,PASS,PASS,PASS,PASS,PASS,PASS,PASS,PASS,PASS,PASS,PASS,19,19,PASS
240,D,GAC,,PASS,PASS,,PASS,PASS,PASS,PASS,PASS,PASS,PASS,PASS,PASS,PASS,PASS,PASS,PASS,PASS,PASS,PASS,PASS,19,19,PASS
241,F,TTC,,PASS,PASS,PASS,PASS,,PASS,PASS,PASS,PASS,PASS,PASS,PASS,PASS,PASS,PASS,PASS,PASS,PASS,PASS,PASS,19,19,PASS
242,H,CAC,,PASS,PASS,PASS,PASS,PASS,PASS,,PASS,PASS,PASS,PASS,PASS,PASS,PASS,PASS,PASS,PASS,PASS,PASS,PASS,19,19,PASS
243,W,TGG,,PASS,PASS,PASS,PASS,PASS,PASS,PASS,PASS,PASS,PASS,PASS,PASS,PASS,PASS,PASS,PASS,PASS,PASS,,PASS,19,19,PASS
244,L,CTG,,PASS,PASS,PASS,PASS,PASS,PASS,PASS,PASS,PASS,,PASS,PASS,PASS,PASS,PASS,PASS,PASS,PASS,PASS,PASS,19,19,PASS
245,M,ATG,,PASS,PASS,PASS,PASS,PASS,PASS,PASS,PASS,PASS,PASS,,PASS,PASS,PASS,PASS,PASS,PASS,PASS,PASS,PASS,19,19,PASS
246,L,CTG,,PASS,PASS,PASS,PASS,PASS,PASS,PASS,PASS,PASS,,PASS,PASS,PASS,PASS,PASS,PASS,PASS,PASS,PASS,PASS,19,19,PASS
247,N,AAC,,PASS,PASS,PASS,PASS,PASS,PASS,PASS,PASS,PASS,PASS,PASS,,PASS,PASS,PASS,PASS,PASS,PASS,PASS,PASS,19,19,PASS
248,P,CCT,,PASS,PASS,PASS,PASS,PASS,PASS,PASS,PASS,PASS,PASS,PASS,PASS,,PASS,PASS,PASS,PASS,PASS,PASS,PASS,19,19,PASS
249,N,AAC,,PASS,PASS,PASS,PASS,PASS,PASS,PASS,PASS,PASS,PASS,PASS,,PASS,PASS,PASS,PASS,PASS,PASS,PASS,PASS,19,19,PASS
250,D,GAC,,PASS,PASS,,PASS,PASS,PASS,PASS,PASS,PASS,PASS,PASS,PASS,PASS,PASS,PASS,PASS,PASS,PASS,PASS,PASS,19,19,PASS
251,T,ACC,,PASS,PASS,PASS,PASS,PASS,PASS,PASS,PASS,PASS,PASS,PASS,PASS,PASS,PASS,PASS,PASS,,PASS,PASS,PASS,19,19,PASS
252,V,GTG,,PASS,PASS,PASS,PASS,PASS,PASS,PASS,PASS,PASS,PASS,PASS,PASS,PASS,PASS,PASS,PASS,PASS,,PASS,PASS,19,19,PASS
253,T,ACC,,PASS,PASS,PASS,PASS,PASS,PASS,PASS,PASS,PASS,PASS,PASS,PASS,PASS,PASS,PASS,PASS,,PASS,PASS,PASS,19,19,PASS
254,F,TTC,,PASS,PASS,PASS,PASS,,PASS,PASS,PASS,PASS,PASS,PASS,PASS,PASS,PASS,PASS,PASS,PASS,PASS,PASS,PASS,19,19,PASS
255,S,TCC,,PASS,PASS,PASS,PASS,PASS,PASS,PASS,PASS,PASS,PASS,PASS,PASS,PASS,PASS,PASS,,PASS,PASS,PASS,PASS,19,19,PASS
256,F,TTC,,PASS,PASS,PASS,PASS,,PASS,PASS,PASS,PASS,PASS,PASS,PASS,PASS,PASS,PASS,PASS,PASS,PASS,PASS,PASS,19,19,PASS
257,N,AAC,,PASS,PASS,PASS,PASS,PASS,PASS,PASS,PASS,PASS,PASS,PASS,,PASS,PASS,PASS,PASS,PASS,PASS,PASS,PASS,19,19,PASS
258,G,GGC,,PASS,PASS,PASS,PASS,PASS,,PASS,PASS,PASS,PASS,PASS,PASS,PASS,PASS,PASS,PASS,PASS,PASS,PASS,PASS,19,19,PASS
259,A,GCT,,,PASS,PASS,PASS,PASS,PASS,PASS,PASS,PASS,PASS,PASS,PASS,PASS,PASS,PASS,PASS,PASS,PASS,PASS,PASS,19,19,PASS
260,F,TTT,,PASS,PASS,PASS,PASS,,PASS,PASS,PASS,PASS,PASS,PASS,PASS,PASS,PASS,PASS,PASS,PASS,PASS,PASS,PASS,19,19,PASS
261,I,ATC,,PASS,FAIL,PASS,PASS,PASS,FAIL,PASS,,PASS,PASS,PASS,PASS,PASS,PASS,PASS,FAIL,PASS,PASS,PASS,PASS,19,16,PASS
262,A,GCC,,,PASS,PASS,PASS,PASS,PASS,PASS,PASS,PASS,PASS,PASS,PASS,PASS,PASS,PASS,PASS,PASS,PASS,PASS,PASS,19,19,PASS
263,P,CCT,,PASS,PASS,PASS,PASS,PASS,PASS,PASS,PASS,PASS,PASS,PASS,PASS,,PASS,PASS,PASS,PASS,PASS,PASS,PASS,19,19,PASS
264,D,GAT,,PASS,PASS,,PASS,PASS,PASS,PASS,PASS,PASS,PASS,PASS,PASS,PASS,PASS,PASS,PASS,PASS,PASS,PASS,PASS,19,19,PASS
265,R,AGA,,PASS,PASS,PASS,PASS,PASS,PASS,PASS,PASS,PASS,PASS,PASS,PASS,PASS,PASS,,PASS,PASS,PASS,PASS,PASS,19,19,PASS
266,A,GCT,,,PASS,PASS,PASS,PASS,PASS,PASS,PASS,PASS,PASS,PASS,PASS,PASS,PASS,PASS,PASS,PASS,PASS,PASS,PASS,19,19,PASS
267,S,AGC,,PASS,PASS,PASS,PASS,PASS,PASS,PASS,PASS,PASS,PASS,PASS,PASS,PASS,PASS,PASS,,PASS,PASS,PASS,PASS,19,19,PASS
268,F,TTT,,PASS,PASS,PASS,PASS,,PASS,PASS,PASS,PASS,PASS,PASS,PASS,PASS,PASS,PASS,PASS,PASS,PASS,PASS,PASS,19,19,PASS
269,L,CTG,,PASS,FAIL,PASS,PASS,PASS,PASS,PASS,PASS,PASS,,PASS,PASS,PASS,PASS,PASS,PASS,PASS,PASS,PASS,PASS,19,18,PASS
270,R,CGG,,PASS,PASS,PASS,PASS,PASS,PASS,PASS,PASS,PASS,PASS,PASS,PASS,PASS,PASS,,PASS,PASS,PASS,PASS,PASS,19,19,PASS
271,G,GGC,,PASS,PASS,PASS,PASS,PASS,,PASS,PASS,PASS,PASS,PASS,PASS,PASS,PASS,PASS,PASS,PASS,PASS,PASS,PASS,19,19,PASS
272,K,AAA,,PASS,PASS,PASS,PASS,PASS,PASS,PASS,PASS,,PASS,PASS,PASS,PASS,PASS,PASS,PASS,PASS,PASS,PASS,PASS,19,19,PASS
273,S,AGC,,PASS,PASS,PASS,PASS,PASS,PASS,PASS,PASS,PASS,PASS,PASS,PASS,PASS,PASS,PASS,,PASS,PASS,PASS,PASS,19,19,PASS
274,M,ATG,,PASS,PASS,PASS,PASS,PASS,PASS,PASS,PASS,PASS,PASS,,PASS,PASS,PASS,PASS,PASS,PASS,PASS,PASS,PASS,19,19,PASS
275,G,GGC,,PASS,PASS,PASS,PASS,PASS,,PASS,PASS,PASS,PASS,PASS,PASS,PASS,PASS,PASS,PASS,PASS,PASS,PASS,PASS,19,19,PASS
276,I,ATC,,PASS,PASS,PASS,PASS,PASS,PASS,PASS,,PASS,PASS,PASS,PASS,PASS,PASS,PASS,PASS,PASS,PASS,PASS,PASS,19,19,PASS
277,Q,CAG,,PASS,PASS,PASS,PASS,PASS,PASS,PASS,PASS,PASS,PASS,PASS,PASS,PASS,,PASS,PASS,PASS,PASS,PASS,PASS,19,19,PASS
278,S,AGC,,PASS,PASS,PASS,PASS,PASS,PASS,PASS,PASS,PASS,PASS,PASS,PASS,PASS,PASS,PASS,,PASS,PASS,PASS,PASS,19,19,PASS
279,G,GGC,,PASS,PASS,PASS,PASS,PASS,,PASS,PASS,PASS,PASS,PASS,PASS,PASS,PASS,PASS,PASS,PASS,PASS,PASS,PASS,19,19,PASS
280,V,GTG,,PASS,PASS,PASS,PASS,PASS,PASS,PASS,PASS,PASS,PASS,PASS,PASS,PASS,PASS,PASS,PASS,PASS,,PASS,PASS,19,19,PASS
281,Q,CAG,,PASS,PASS,PASS,PASS,PASS,PASS,PASS,PASS,PASS,PASS,PASS,PASS,PASS,,PASS,PASS,PASS,PASS,PASS,PASS,19,19,PASS
282,V,GTC,,PASS,PASS,PASS,PASS,PASS,PASS,PASS,PASS,PASS,PASS,PASS,PASS,PASS,PASS,PASS,PASS,PASS,,PASS,PASS,19,19,PASS
283,D,GAC,,PASS,PASS,,PASS,PASS,PASS,PASS,PASS,PASS,PASS,PASS,PASS,PASS,PASS,PASS,PASS,PASS,PASS,PASS,PASS,19,19,PASS
284,A,GCC,,,PASS,PASS,PASS,PASS,PASS,PASS,PASS,PASS,PASS,PASS,PASS,PASS,PASS,PASS,PASS,PASS,PASS,PASS,PASS,19,19,PASS
285,N,AAC,,PASS,PASS,PASS,PASS,PASS,PASS,PASS,PASS,PASS,PASS,PASS,,PASS,PASS,PASS,PASS,PASS,PASS,PASS,PASS,19,19,PASS
286,C,TGC,,PASS,,PASS,PASS,PASS,PASS,PASS,PASS,PASS,PASS,PASS,PASS,PASS,PASS,PASS,PASS,PASS,PASS,PASS,PASS,19,19,PASS
287,E,GAG,,PASS,PASS,PASS,,PASS,FAIL,PASS,PASS,PASS,PASS,PASS,PASS,PASS,PASS,PASS,PASS,PASS,PASS,PASS,PASS,19,18,PASS
288,G,GGC,,PASS,PASS,PASS,PASS,PASS,,PASS,PASS,PASS,PASS,PASS,PASS,PASS,PASS,PASS,PASS,PASS,PASS,PASS,PASS,19,19,PASS
289,D,GAC,,PASS,PASS,,PASS,PASS,PASS,PASS,PASS,PASS,PASS,PASS,PASS,PASS,PASS,PASS,PASS,PASS,PASS,PASS,PASS,19,19,PASS
290,C,TGC,,PASS,,PASS,PASS,PASS,PASS,PASS,PASS,PASS,PASS,PASS,PASS,PASS,PASS,PASS,PASS,PASS,PASS,PASS,PASS,19,19,PASS
291,Y,TAC,,PASS,PASS,PASS,PASS,PASS,PASS,PASS,PASS,PASS,PASS,PASS,PASS,PASS,PASS,PASS,PASS,PASS,PASS,PASS,,19,19,PASS
292,H,CAC,,PASS,PASS,PASS,PASS,PASS,PASS,,PASS,PASS,PASS,PASS,PASS,PASS,PASS,PASS,PASS,PASS,PASS,PASS,PASS,19,19,PASS
293,S,TCT,,PASS,PASS,PASS,PASS,PASS,PASS,PASS,PASS,PASS,PASS,PASS,PASS,PASS,PASS,PASS,,PASS,PASS,PASS,PASS,19,19,PASS
294,G,GGC,,PASS,PASS,PASS,PASS,PASS,,PASS,PASS,PASS,PASS,PASS,PASS,PASS,PASS,PASS,PASS,PASS,PASS,PASS,PASS,19,19,PASS
295,G,GGC,,PASS,PASS,PASS,PASS,PASS,,PASS,PASS,PASS,PASS,PASS,PASS,PASS,PASS,PASS,PASS,PASS,PASS,PASS,PASS,19,19,PASS
296,T,ACA,,PASS,PASS,PASS,PASS,PASS,PASS,PASS,PASS,PASS,PASS,PASS,PASS,PASS,PASS,PASS,PASS,,PASS,PASS,PASS,19,19,PASS
297,I,ATC,,PASS,PASS,PASS,PASS,PASS,PASS,PASS,,PASS,PASS,PASS,PASS,PASS,PASS,PASS,PASS,PASS,PASS,PASS,PASS,19,19,PASS
298,I,ATC,,PASS,PASS,PASS,PASS,PASS,PASS,PASS,,PASS,PASS,PASS,PASS,PASS,PASS,PASS,PASS,PASS,PASS,PASS,PASS,19,19,PASS
299,S,AGC,,PASS,PASS,PASS,PASS,PASS,PASS,PASS,PASS,PASS,PASS,PASS,PASS,PASS,PASS,PASS,,PASS,PASS,PASS,PASS,19,19,PASS
300,N,AAT,,PASS,PASS,PASS,PASS,PASS,PASS,PASS,PASS,PASS,PASS,PASS,,PASS,PASS,PASS,PASS,PASS,PASS,PASS,PASS,19,19,PASS
301,L,CTG,,PASS,PASS,PASS,PASS,PASS,PASS,PASS,PASS,PASS,,PASS,PASS,PASS,PASS,PASS,PASS,PASS,PASS,PASS,PASS,19,19,PASS
302,P,CCT,,PASS,PASS,PASS,PASS,PASS,PASS,PASS,PASS,PASS,PASS,PASS,PASS,,PASS,PASS,PASS,PASS,PASS,PASS,PASS,19,19,PASS
303,F,TTC,,PASS,PASS,PASS,PASS,,PASS,PASS,PASS,PASS,PASS,PASS,PASS,PASS,PASS,PASS,PASS,PASS,PASS,PASS,PASS,19,19,PASS
304,Q,CAG,,PASS,PASS,PASS,PASS,PASS,PASS,PASS,PASS,PASS,PASS,PASS,PASS,PASS,,PASS,PASS,PASS,PASS,PASS,PASS,19,19,PASS
305,N,AAC,,PASS,PASS,PASS,PASS,PASS,PASS,PASS,PASS,PASS,PASS,PASS,,PASS,PASS,PASS,PASS,PASS,PASS,PASS,PASS,19,19,PASS
306,I,ATC,,PASS,PASS,PASS,PASS,PASS,PASS,PASS,,PASS,PASS,PASS,PASS,PASS,PASS,PASS,PASS,PASS,PASS,PASS,PASS,19,19,PASS
307,D,GAC,,PASS,PASS,,PASS,PASS,PASS,PASS,PASS,PASS,PASS,PASS,PASS,PASS,PASS,PASS,PASS,PASS,PASS,PASS,PASS,19,19,PASS
308,S,AGC,,PASS,PASS,PASS,PASS,PASS,PASS,PASS,PASS,PASS,PASS,PASS,PASS,PASS,PASS,PASS,,PASS,PASS,PASS,PASS,19,19,PASS
309,R,CGG,,PASS,PASS,PASS,PASS,PASS,PASS,PASS,PASS,PASS,PASS,PASS,PASS,PASS,PASS,,PASS,PASS,PASS,PASS,PASS,19,19,PASS
310,A,GCC,,,PASS,PASS,PASS,PASS,PASS,PASS,PASS,PASS,PASS,PASS,PASS,PASS,PASS,PASS,PASS,PASS,PASS,PASS,PASS,19,19,PASS
311,V,GTG,,PASS,PASS,PASS,PASS,PASS,PASS,PASS,PASS,PASS,PASS,PASS,PASS,PASS,PASS,PASS,PASS,PASS,,FAIL,PASS,19,18,PASS
312,G,GGC,,PASS,PASS,PASS,PASS,PASS,,PASS,PASS,PASS,PASS,PASS,PASS,PASS,PASS,PASS,PASS,PASS,PASS,PASS,PASS,19,19,PASS
313,K,AAG,,PASS,PASS,PASS,PASS,PASS,PASS,PASS,PASS,,PASS,PASS,PASS,FAIL,PASS,PASS,PASS,PASS,PASS,PASS,PASS,19,18,PASS
314,C,TGC,,PASS,,PASS,PASS,PASS,PASS,PASS,PASS,PASS,PASS,PASS,PASS,PASS,PASS,PASS,PASS,PASS,PASS,PASS,PASS,19,19,PASS
315,P,CCC,,PASS,PASS,PASS,PASS,PASS,PASS,PASS,PASS,PASS,PASS,PASS,PASS,,PASS,PASS,PASS,PASS,PASS,PASS,PASS,19,19,PASS
316,R,AGA,,PASS,PASS,PASS,PASS,PASS,PASS,PASS,PASS,PASS,PASS,PASS,PASS,PASS,PASS,,PASS,PASS,PASS,PASS,PASS,19,19,PASS
317,Y,TAC,,PASS,PASS,PASS,PASS,PASS,PASS,PASS,PASS,PASS,PASS,PASS,PASS,PASS,PASS,PASS,PASS,PASS,PASS,PASS,,19,19,PASS
318,V,GTG,,PASS,PASS,PASS,PASS,PASS,PASS,PASS,PASS,PASS,PASS,PASS,PASS,PASS,PASS,PASS,PASS,PASS,,PASS,PASS,19,19,PASS
319,K,AAA,,PASS,PASS,PASS,PASS,PASS,PASS,PASS,PASS,,PASS,PASS,PASS,PASS,PASS,PASS,PASS,PASS,PASS,PASS,PASS,19,19,PASS
320,Q,CAA,,PASS,PASS,PASS,PASS,PASS,PASS,PASS,PASS,PASS,PASS,PASS,PASS,PASS,,PASS,PASS,PASS,PASS,PASS,PASS,19,19,PASS
321,R,AGA,,PASS,PASS,PASS,PASS,PASS,PASS,PASS,PASS,PASS,PASS,PASS,PASS,PASS,PASS,,PASS,PASS,PASS,PASS,PASS,19,19,PASS
322,S,AGC,,PASS,PASS,PASS,PASS,PASS,PASS,PASS,PASS,PASS,PASS,PASS,PASS,PASS,PASS,PASS,,PASS,PASS,PASS,PASS,19,19,PASS
323,L,CTG,,PASS,PASS,PASS,PASS,PASS,PASS,PASS,PASS,PASS,,PASS,PASS,PASS,PASS,PASS,PASS,PASS,PASS,PASS,PASS,19,19,PASS
324,L,CTG,,PASS,PASS,PASS,PASS,PASS,PASS,PASS,PASS,PASS,,PASS,PASS,PASS,PASS,PASS,PASS,PASS,PASS,PASS,PASS,19,19,PASS
325,L,CTG,,PASS,PASS,PASS,PASS,PASS,PASS,PASS,PASS,PASS,,PASS,PASS,PASS,PASS,PASS,PASS,PASS,PASS,PASS,PASS,19,19,PASS
326,A,GCC,,,PASS,PASS,PASS,PASS,PASS,PASS,PASS,PASS,PASS,PASS,PASS,PASS,PASS,PASS,PASS,PASS,PASS,PASS,PASS,19,19,PASS
327,T,ACC,,PASS,PASS,PASS,PASS,PASS,PASS,PASS,PASS,PASS,PASS,PASS,PASS,PASS,PASS,PASS,PASS,,PASS,PASS,PASS,19,19,PASS
328,G,GGC,,PASS,PASS,PASS,PASS,PASS,,PASS,PASS,PASS,PASS,PASS,PASS,PASS,PASS,PASS,PASS,PASS,PASS,PASS,PASS,19,19,PASS
329,M,ATG,,PASS,PASS,PASS,PASS,PASS,PASS,PASS,PASS,PASS,PASS,,PASS,PASS,FAIL,PASS,PASS,PASS,PASS,PASS,PASS,19,18,PASS
330,K,AAG,,PASS,PASS,PASS,PASS,PASS,PASS,PASS,PASS,,PASS,PASS,PASS,PASS,PASS,PASS,PASS,PASS,PASS,PASS,PASS,19,19,PASS
331,N,AAT,,PASS,PASS,PASS,PASS,PASS,PASS,PASS,PASS,PASS,PASS,PASS,,PASS,PASS,PASS,PASS,PASS,PASS,PASS,PASS,19,19,PASS
332,V,GTG,,PASS,PASS,PASS,PASS,PASS,PASS,PASS,PASS,PASS,PASS,PASS,PASS,PASS,PASS,PASS,PASS,PASS,,PASS,PASS,19,19,PASS
333,P,CCT,,PASS,PASS,PASS,PASS,PASS,PASS,PASS,PASS,PASS,PASS,PASS,PASS,,PASS,PASS,PASS,PASS,PASS,PASS,PASS,19,19,PASS
334,E,GAG,,PASS,PASS,PASS,,PASS,PASS,PASS,PASS,PASS,PASS,PASS,PASS,PASS,PASS,PASS,PASS,PASS,PASS,PASS,PASS,19,19,PASS
335,I,ATC,,PASS,PASS,PASS,PASS,PASS,PASS,PASS,,PASS,PASS,PASS,PASS,PASS,PASS,PASS,PASS,PASS,PASS,PASS,PASS,19,19,PASS
336,P,CCC,,PASS,PASS,PASS,PASS,PASS,PASS,PASS,PASS,PASS,PASS,PASS,PASS,,PASS,PASS,PASS,PASS,PASS,PASS,PASS,19,19,PASS
337,K,AAG,,PASS,PASS,PASS,PASS,PASS,PASS,PASS,PASS,,PASS,PASS,PASS,PASS,PASS,PASS,PASS,PASS,PASS,PASS,PASS,19,19,PASS
338,G,GGC,,PASS,PASS,PASS,PASS,PASS,,PASS,PASS,PASS,PASS,PASS,PASS,PASS,PASS,PASS,PASS,PASS,PASS,PASS,PASS,19,19,PASS
339,R,AGA,,PASS,PASS,PASS,PASS,PASS,PASS,PASS,PASS,PASS,PASS,PASS,PASS,PASS,PASS,,PASS,PASS,PASS,PASS,PASS,19,19,PASS
340,G,GGC,,PASS,PASS,PASS,PASS,PASS,,PASS,PASS,PASS,PASS,PASS,PASS,PASS,PASS,PASS,PASS,PASS,PASS,PASS,PASS,19,19,PASS
341,L,CTG,,PASS,PASS,PASS,PASS,PASS,PASS,PASS,PASS,PASS,,PASS,PASS,PASS,PASS,PASS,PASS,PASS,PASS,PASS,PASS,19,19,PASS
342,F,TTC,,PASS,PASS,PASS,PASS,,PASS,PASS,PASS,PASS,PASS,PASS,PASS,FAIL,PASS,PASS,PASS,PASS,PASS,PASS,PASS,19,18,PASS
343,G,GGC,,PASS,PASS,PASS,PASS,PASS,,PASS,PASS,PASS,PASS,PASS,PASS,PASS,PASS,PASS,PASS,PASS,PASS,PASS,PASS,19,19,PASS
344,A,GCT,,,PASS,PASS,PASS,PASS,PASS,PASS,PASS,PASS,PASS,PASS,PASS,FAIL,PASS,PASS,PASS,PASS,PASS,PASS,PASS,19,18,PASS
345,I,ATC,,PASS,PASS,PASS,PASS,PASS,PASS,PASS,,PASS,PASS,PASS,PASS,PASS,PASS,PASS,PASS,PASS,PASS,PASS,PASS,19,19,PASS
346,A,GCC,,,PASS,PASS,PASS,PASS,PASS,PASS,PASS,PASS,PASS,PASS,PASS,PASS,PASS,PASS,PASS,PASS,PASS,PASS,PASS,19,19,PASS
347,G,GGA,,PASS,PASS,PASS,PASS,PASS,,PASS,PASS,PASS,PASS,PASS,PASS,PASS,PASS,PASS,PASS,PASS,PASS,PASS,PASS,19,19,PASS
348,F,TTC,,PASS,PASS,PASS,PASS,,PASS,PASS,PASS,PASS,PASS,PASS,PASS,PASS,PASS,PASS,PASS,PASS,PASS,PASS,PASS,19,19,PASS
349,I,ATT,,PASS,PASS,PASS,PASS,PASS,PASS,PASS,,PASS,PASS,PASS,PASS,PASS,PASS,PASS,PASS,PASS,PASS,PASS,PASS,19,19,PASS
350,E,GAA,,PASS,PASS,PASS,,PASS,PASS,PASS,PASS,PASS,PASS,PASS,PASS,PASS,PASS,PASS,PASS,PASS,PASS,PASS,PASS,19,19,PASS
351,N,AAC,,PASS,PASS,PASS,PASS,PASS,PASS,PASS,PASS,PASS,PASS,PASS,,PASS,PASS,PASS,PASS,PASS,PASS,PASS,PASS,19,19,PASS
352,G,GGA,,PASS,PASS,PASS,PASS,PASS,,PASS,PASS,PASS,PASS,PASS,PASS,PASS,PASS,PASS,PASS,PASS,PASS,PASS,PASS,19,19,PASS
353,W,TGG,,PASS,PASS,PASS,PASS,PASS,PASS,PASS,PASS,PASS,PASS,PASS,PASS,PASS,PASS,PASS,PASS,PASS,PASS,,PASS,19,19,PASS
354,E,GAG,,PASS,PASS,PASS,,PASS,PASS,PASS,PASS,PASS,PASS,PASS,PASS,PASS,PASS,PASS,PASS,PASS,PASS,PASS,PASS,19,19,PASS
355,G,GGC,,PASS,PASS,PASS,PASS,PASS,,PASS,PASS,PASS,PASS,PASS,PASS,PASS,PASS,PASS,PASS,PASS,PASS,PASS,PASS,19,19,PASS
356,L,CTG,,PASS,PASS,PASS,PASS,PASS,PASS,PASS,PASS,PASS,,PASS,PASS,PASS,PASS,PASS,PASS,PASS,PASS,PASS,PASS,19,19,PASS
357,I,ATC,,PASS,PASS,PASS,PASS,PASS,PASS,PASS,,PASS,PASS,PASS,PASS,PASS,PASS,PASS,PASS,PASS,PASS,PASS,PASS,19,19,PASS
358,D,GAC,,PASS,PASS,,PASS,PASS,PASS,PASS,PASS,PASS,PASS,PASS,PASS,PASS,PASS,PASS,PASS,PASS,PASS,PASS,PASS,19,19,PASS
359,G,GGC,,PASS,PASS,PASS,PASS,PASS,,PASS,PASS,PASS,PASS,PASS,PASS,PASS,PASS,PASS,PASS,PASS,PASS,PASS,PASS,19,19,PASS
360,W,TGG,,PASS,PASS,PASS,PASS,PASS,PASS,PASS,PASS,PASS,PASS,PASS,PASS,PASS,PASS,PASS,PASS,PASS,PASS,,PASS,19,19,PASS
361,Y,TAC,,PASS,PASS,PASS,PASS,PASS,PASS,PASS,PASS,PASS,PASS,PASS,PASS,PASS,PASS,PASS,PASS,PASS,PASS,PASS,,19,19,PASS
362,G,GGC,,PASS,PASS,PASS,PASS,PASS,,PASS,PASS,PASS,PASS,PASS,PASS,PASS,PASS,PASS,PASS,PASS,PASS,PASS,PASS,19,19,PASS
363,F,TTC,,PASS,PASS,PASS,PASS,,PASS,PASS,PASS,PASS,PASS,PASS,PASS,PASS,PASS,PASS,PASS,PASS,PASS,PASS,PASS,19,19,PASS
364,R,AGA,,PASS,PASS,PASS,PASS,PASS,PASS,PASS,PASS,PASS,PASS,PASS,PASS,PASS,PASS,,PASS,PASS,PASS,PASS,PASS,19,19,PASS
365,H,CAC,,PASS,PASS,PASS,PASS,PASS,PASS,,PASS,PASS,PASS,PASS,PASS,PASS,PASS,PASS,PASS,PASS,PASS,PASS,PASS,19,19,PASS
366,Q,CAG,,PASS,PASS,PASS,PASS,PASS,PASS,PASS,PASS,PASS,PASS,PASS,PASS,PASS,,PASS,PASS,PASS,PASS,PASS,PASS,19,19,PASS
367,N,AAT,,PASS,PASS,PASS,PASS,PASS,PASS,PASS,PASS,PASS,PASS,PASS,,PASS,PASS,PASS,PASS,PASS,PASS,PASS,PASS,19,19,PASS
368,A,GCC,,,PASS,PASS,PASS,PASS,PASS,PASS,PASS,PASS,PASS,PASS,PASS,PASS,PASS,PASS,PASS,PASS,PASS,PASS,PASS,19,19,PASS
369,Q,CAG,,PASS,FAIL,PASS,PASS,PASS,FAIL,PASS,PASS,PASS,PASS,PASS,PASS,PASS,,PASS,PASS,PASS,PASS,PASS,PASS,19,17,PASS
370,G,GGC,,PASS,PASS,PASS,PASS,PASS,,PASS,PASS,PASS,PASS,PASS,PASS,PASS,PASS,PASS,PASS,PASS,PASS,PASS,PASS,19,19,PASS
371,E,GAG,,PASS,PASS,PASS,,PASS,FAIL,PASS,PASS,PASS,PASS,PASS,PASS,PASS,PASS,PASS,PASS,PASS,PASS,PASS,PASS,19,18,PASS
372,G,GGC,,PASS,PASS,PASS,PASS,PASS,,PASS,PASS,PASS,PASS,PASS,PASS,PASS,PASS,PASS,PASS,PASS,PASS,PASS,PASS,19,19,PASS
373,T,ACC,,PASS,PASS,PASS,PASS,PASS,PASS,PASS,PASS,PASS,PASS,PASS,PASS,PASS,PASS,PASS,PASS,,PASS,PASS,PASS,19,19,PASS
374,A,GCC,,,PASS,PASS,PASS,PASS,PASS,PASS,PASS,PASS,PASS,PASS,PASS,PASS,PASS,PASS,PASS,PASS,PASS,PASS,PASS,19,19,PASS
375,A,GCC,,,PASS,PASS,PASS,PASS,PASS,PASS,PASS,PASS,PASS,PASS,PASS,PASS,PASS,PASS,PASS,PASS,PASS,PASS,PASS,19,19,PASS
376,D,GAC,,PASS,PASS,,PASS,PASS,PASS,PASS,PASS,PASS,PASS,PASS,PASS,PASS,PASS,PASS,PASS,PASS,PASS,PASS,PASS,19,19,PASS
377,Y,TAC,,PASS,PASS,PASS,PASS,PASS,PASS,PASS,PASS,PASS,PASS,PASS,PASS,PASS,PASS,PASS,PASS,PASS,PASS,PASS,,19,19,PASS
378,K,AAG,,PASS,PASS,PASS,PASS,PASS,PASS,PASS,PASS,,PASS,PASS,PASS,PASS,PASS,PASS,PASS,PASS,PASS,PASS,PASS,19,19,PASS
379,S,AGC,,PASS,PASS,PASS,PASS,PASS,PASS,PASS,PASS,PASS,PASS,PASS,PASS,PASS,PASS,PASS,,PASS,PASS,PASS,PASS,19,19,PASS
380,T,ACA,,PASS,PASS,PASS,PASS,PASS,PASS,PASS,PASS,PASS,PASS,PASS,PASS,PASS,PASS,PASS,PASS,,PASS,PASS,PASS,19,19,PASS
381,Q,CAG,,PASS,PASS,PASS,PASS,PASS,PASS,PASS,PASS,PASS,PASS,PASS,PASS,PASS,,PASS,PASS,PASS,PASS,PASS,PASS,19,19,PASS
382,S,AGC,,PASS,PASS,PASS,PASS,PASS,PASS,PASS,PASS,PASS,PASS,PASS,PASS,PASS,PASS,PASS,,PASS,PASS,PASS,PASS,19,19,PASS
383,A,GCC,,,PASS,PASS,PASS,PASS,PASS,PASS,PASS,PASS,PASS,PASS,PASS,PASS,PASS,PASS,PASS,PASS,PASS,PASS,PASS,19,19,PASS
384,I,ATC,,PASS,PASS,PASS,PASS,PASS,PASS,PASS,,PASS,PASS,PASS,PASS,PASS,PASS,PASS,PASS,PASS,PASS,PASS,PASS,19,19,PASS
385,D,GAC,,PASS,PASS,,PASS,PASS,PASS,PASS,PASS,PASS,PASS,PASS,PASS,PASS,PASS,PASS,PASS,PASS,PASS,PASS,PASS,19,19,PASS
386,Q,CAG,,PASS,PASS,PASS,PASS,PASS,PASS,PASS,PASS,PASS,PASS,PASS,PASS,PASS,,PASS,PASS,PASS,PASS,PASS,PASS,19,19,PASS
387,I,ATC,,PASS,PASS,PASS,PASS,PASS,PASS,PASS,,PASS,PASS,PASS,PASS,PASS,PASS,PASS,PASS,PASS,PASS,PASS,PASS,19,19,PASS
388,T,ACC,,PASS,PASS,PASS,PASS,PASS,PASS,PASS,PASS,PASS,PASS,PASS,PASS,PASS,PASS,PASS,PASS,,PASS,PASS,PASS,19,19,PASS
389,G,GGC,,PASS,PASS,PASS,PASS,PASS,,PASS,PASS,PASS,PASS,PASS,PASS,PASS,PASS,PASS,PASS,PASS,PASS,PASS,PASS,19,19,PASS
390,K,AAG,,PASS,PASS,PASS,PASS,PASS,PASS,PASS,PASS,,PASS,PASS,PASS,PASS,PASS,PASS,PASS,PASS,PASS,PASS,PASS,19,19,PASS
391,L,CTC,,PASS,PASS,PASS,PASS,PASS,PASS,PASS,PASS,PASS,,PASS,PASS,PASS,PASS,PASS,PASS,PASS,PASS,PASS,PASS,19,19,PASS
392,N,AAT,,PASS,PASS,PASS,PASS,PASS,PASS,PASS,PASS,PASS,PASS,PASS,,PASS,PASS,PASS,PASS,PASS,PASS,PASS,PASS,19,19,PASS
393,R,AGA,,PASS,PASS,PASS,PASS,PASS,PASS,PASS,PASS,PASS,PASS,PASS,PASS,PASS,PASS,,PASS,PASS,PASS,PASS,PASS,19,19,PASS
394,L,CTG,,PASS,PASS,PASS,PASS,PASS,PASS,PASS,PASS,PASS,,PASS,PASS,PASS,PASS,PASS,PASS,PASS,PASS,PASS,PASS,19,19,PASS
395,I,ATC,,PASS,PASS,PASS,PASS,PASS,PASS,PASS,,PASS,PASS,PASS,PASS,PASS,PASS,PASS,PASS,PASS,PASS,PASS,PASS,19,19,PASS
396,E,GAG,,PASS,PASS,PASS,,PASS,PASS,PASS,PASS,PASS,PASS,PASS,PASS,PASS,PASS,PASS,PASS,PASS,PASS,PASS,PASS,19,19,PASS
397,K,AAG,,PASS,PASS,PASS,PASS,PASS,PASS,PASS,PASS,,PASS,PASS,PASS,PASS,PASS,PASS,PASS,PASS,PASS,PASS,PASS,19,19,PASS
398,T,ACA,,PASS,PASS,PASS,PASS,PASS,PASS,PASS,PASS,PASS,PASS,PASS,PASS,PASS,PASS,PASS,PASS,,PASS,PASS,PASS,19,19,PASS
399,N,AAC,,PASS,PASS,PASS,PASS,PASS,PASS,PASS,PASS,PASS,PASS,PASS,,PASS,PASS,PASS,PASS,PASS,PASS,PASS,PASS,19,19,PASS
400,Q,CAG,,PASS,PASS,PASS,PASS,FAIL,PASS,PASS,FAIL,PASS,PASS,PASS,PASS,PASS,,PASS,FAIL,PASS,PASS,FAIL,PASS,19,15,PASS
401,Q,CAG,,PASS,PASS,PASS,PASS,PASS,PASS,PASS,PASS,PASS,PASS,PASS,PASS,PASS,,PASS,PASS,PASS,PASS,PASS,PASS,19,19,PASS
402,F,TTC,,PASS,PASS,PASS,PASS,,PASS,PASS,PASS,PASS,PASS,PASS,PASS,PASS,PASS,PASS,PASS,PASS,PASS,PASS,PASS,19,19,PASS
403,E,GAG,,PASS,PASS,PASS,,PASS,PASS,PASS,PASS,PASS,PASS,PASS,PASS,PASS,PASS,PASS,PASS,PASS,PASS,PASS,PASS,19,19,PASS
404,L,CTG,,PASS,PASS,PASS,PASS,PASS,PASS,PASS,PASS,PASS,,PASS,PASS,PASS,PASS,PASS,PASS,PASS,PASS,PASS,PASS,19,19,PASS
405,I,ATT,,PASS,PASS,PASS,PASS,PASS,PASS,PASS,,PASS,PASS,PASS,PASS,PASS,PASS,PASS,PASS,PASS,PASS,PASS,PASS,19,19,PASS
406,D,GAC,,PASS,PASS,,PASS,PASS,PASS,PASS,PASS,PASS,PASS,PASS,PASS,PASS,PASS,PASS,PASS,PASS,PASS,PASS,PASS,19,19,PASS
407,N,AAT,,PASS,PASS,PASS,PASS,PASS,PASS,PASS,PASS,PASS,PASS,PASS,,PASS,PASS,PASS,PASS,PASS,PASS,PASS,PASS,19,19,PASS
408,E,GAG,,PASS,PASS,PASS,,PASS,PASS,PASS,PASS,PASS,PASS,PASS,PASS,PASS,PASS,PASS,PASS,PASS,PASS,PASS,PASS,19,19,PASS
409,F,TTC,,PASS,PASS,PASS,PASS,,PASS,PASS,PASS,PASS,PASS,PASS,PASS,PASS,PASS,PASS,PASS,PASS,PASS,PASS,PASS,19,19,PASS
410,N,AAC,,PASS,PASS,PASS,PASS,PASS,PASS,PASS,PASS,PASS,PASS,PASS,,PASS,PASS,PASS,PASS,PASS,PASS,PASS,PASS,19,19,PASS
411,E,GAG,,PASS,PASS,PASS,,PASS,PASS,PASS,PASS,PASS,PASS,PASS,PASS,PASS,PASS,PASS,PASS,PASS,PASS,PASS,PASS,19,19,PASS
412,V,GTG,,PASS,PASS,PASS,PASS,PASS,PASS,PASS,PASS,PASS,PASS,PASS,PASS,PASS,PASS,PASS,PASS,PASS,,PASS,PASS,19,19,PASS
413,E,GAA,,PASS,PASS,PASS,,PASS,PASS,PASS,PASS,PASS,PASS,PASS,PASS,PASS,PASS,PASS,PASS,PASS,PASS,PASS,PASS,19,19,PASS
414,K,AAG,,PASS,PASS,PASS,PASS,PASS,PASS,PASS,PASS,,PASS,PASS,PASS,PASS,PASS,PASS,PASS,PASS,PASS,PASS,PASS,19,19,PASS
415,Q,CAG,,PASS,PASS,PASS,PASS,PASS,PASS,PASS,PASS,PASS,PASS,PASS,PASS,PASS,,PASS,PASS,PASS,PASS,PASS,PASS,19,19,PASS
416,I,ATC,,PASS,PASS,PASS,PASS,PASS,PASS,PASS,,PASS,PASS,PASS,PASS,PASS,PASS,PASS,PASS,PASS,PASS,PASS,PASS,19,19,PASS
417,G,GGC,,PASS,PASS,PASS,PASS,PASS,,PASS,PASS,PASS,PASS,PASS,PASS,PASS,PASS,PASS,PASS,PASS,PASS,PASS,PASS,19,19,PASS
418,N,AAC,,PASS,PASS,PASS,PASS,PASS,PASS,PASS,PASS,PASS,PASS,PASS,,PASS,PASS,PASS,PASS,PASS,PASS,PASS,PASS,19,19,PASS
419,V,GTG,,PASS,PASS,PASS,PASS,PASS,PASS,PASS,PASS,PASS,PASS,PASS,PASS,PASS,PASS,PASS,PASS,PASS,,PASS,PASS,19,19,PASS
420,I,ATC,,PASS,PASS,PASS,PASS,PASS,PASS,PASS,,PASS,PASS,PASS,PASS,PASS,PASS,PASS,PASS,PASS,PASS,PASS,PASS,19,19,PASS
421,N,AAC,,PASS,PASS,PASS,PASS,PASS,PASS,PASS,PASS,PASS,PASS,PASS,,PASS,PASS,PASS,PASS,PASS,PASS,PASS,PASS,19,19,PASS
422,W,TGG,,PASS,PASS,PASS,PASS,PASS,PASS,PASS,PASS,PASS,PASS,PASS,PASS,PASS,PASS,PASS,PASS,PASS,PASS,,PASS,19,19,PASS
423,T,ACC,,PASS,PASS,PASS,PASS,PASS,PASS,PASS,PASS,PASS,PASS,PASS,PASS,PASS,PASS,PASS,PASS,,PASS,PASS,PASS,19,19,PASS
424,R,AGA,,PASS,PASS,PASS,PASS,PASS,PASS,PASS,PASS,PASS,PASS,PASS,PASS,PASS,PASS,,PASS,PASS,PASS,PASS,PASS,19,19,PASS
425,D,GAT,,PASS,PASS,,PASS,PASS,PASS,PASS,PASS,PASS,PASS,PASS,PASS,PASS,PASS,PASS,PASS,PASS,PASS,PASS,PASS,19,19,PASS
426,S,AGC,,PASS,PASS,PASS,PASS,PASS,PASS,PASS,PASS,PASS,PASS,PASS,PASS,PASS,PASS,PASS,,PASS,PASS,PASS,PASS,19,19,PASS
427,I,ATC,,PASS,PASS,PASS,PASS,PASS,PASS,PASS,,PASS,PASS,PASS,PASS,PASS,PASS,PASS,PASS,PASS,PASS,PASS,PASS,19,19,PASS
428,T,ACA,,PASS,PASS,PASS,PASS,PASS,PASS,PASS,PASS,PASS,PASS,PASS,PASS,PASS,PASS,PASS,PASS,,PASS,PASS,PASS,19,19,PASS
429,E,GAG,,PASS,PASS,PASS,,PASS,PASS,PASS,PASS,PASS,PASS,PASS,PASS,PASS,PASS,PASS,PASS,PASS,PASS,PASS,PASS,19,19,PASS
430,V,GTG,,PASS,PASS,PASS,PASS,PASS,PASS,PASS,PASS,PASS,PASS,PASS,PASS,PASS,PASS,PASS,PASS,PASS,,PASS,PASS,19,19,PASS
431,W,TGG,,PASS,PASS,PASS,PASS,PASS,PASS,PASS,PASS,PASS,PASS,PASS,PASS,PASS,PASS,PASS,PASS,PASS,PASS,,PASS,19,19,PASS
432,S,AGT,,PASS,PASS,PASS,PASS,PASS,PASS,PASS,PASS,PASS,PASS,PASS,PASS,PASS,PASS,PASS,,PASS,PASS,PASS,PASS,19,19,PASS
433,Y,TAT,,PASS,PASS,PASS,PASS,PASS,PASS,PASS,PASS,PASS,PASS,PASS,PASS,PASS,PASS,PASS,PASS,PASS,PASS,PASS,,19,19,PASS
434,N,AAC,,PASS,PASS,PASS,PASS,PASS,PASS,PASS,PASS,PASS,PASS,PASS,,PASS,PASS,PASS,PASS,PASS,PASS,PASS,PASS,19,19,PASS
435,A,GCC,,,PASS,PASS,PASS,PASS,PASS,PASS,PASS,PASS,PASS,PASS,PASS,PASS,PASS,PASS,PASS,PASS,PASS,PASS,PASS,19,19,PASS
436,E,GAA,,PASS,PASS,PASS,,PASS,PASS,PASS,PASS,PASS,PASS,PASS,PASS,PASS,PASS,PASS,PASS,PASS,PASS,PASS,PASS,19,19,PASS
437,L,CTT,,PASS,PASS,PASS,PASS,PASS,PASS,PASS,PASS,PASS,,PASS,PASS,PASS,PASS,PASS,PASS,PASS,PASS,PASS,PASS,19,19,PASS
438,L,CTG,,PASS,PASS,PASS,PASS,PASS,PASS,PASS,PASS,PASS,,PASS,PASS,PASS,PASS,PASS,PASS,PASS,PASS,PASS,PASS,19,19,PASS
439,V,GTC,,PASS,PASS,PASS,PASS,PASS,PASS,PASS,PASS,PASS,PASS,PASS,PASS,PASS,PASS,PASS,PASS,PASS,,PASS,PASS,19,19,PASS
440,A,GCC,,,PASS,PASS,PASS,PASS,PASS,PASS,PASS,PASS,PASS,PASS,PASS,PASS,PASS,PASS,PASS,PASS,PASS,PASS,PASS,19,19,PASS
441,M,ATG,,PASS,PASS,PASS,PASS,PASS,PASS,PASS,PASS,PASS,PASS,,PASS,PASS,PASS,PASS,PASS,PASS,PASS,PASS,PASS,19,19,PASS
442,E,GAA,,PASS,PASS,PASS,,PASS,PASS,PASS,PASS,PASS,PASS,PASS,PASS,PASS,PASS,PASS,PASS,PASS,PASS,PASS,PASS,19,19,PASS
443,N,AAC,,PASS,PASS,PASS,PASS,PASS,PASS,PASS,PASS,PASS,PASS,PASS,,PASS,PASS,PASS,PASS,PASS,PASS,PASS,PASS,19,19,PASS
444,Q,CAG,,PASS,PASS,PASS,PASS,PASS,PASS,PASS,PASS,PASS,PASS,PASS,PASS,PASS,,PASS,PASS,PASS,PASS,PASS,PASS,19,19,PASS
445,H,CAC,,PASS,PASS,PASS,PASS,PASS,PASS,,PASS,PASS,PASS,PASS,PASS,PASS,PASS,PASS,PASS,PASS,PASS,PASS,PASS,19,19,PASS
446,T,ACC,,PASS,PASS,PASS,PASS,PASS,PASS,PASS,PASS,PASS,PASS,PASS,PASS,PASS,PASS,PASS,PASS,,PASS,PASS,PASS,19,19,PASS
447,I,ATC,,PASS,PASS,PASS,PASS,PASS,PASS,PASS,,PASS,PASS,PASS,PASS,PASS,PASS,PASS,PASS,PASS,PASS,PASS,PASS,19,19,PASS
448,D,GAT,,PASS,PASS,,PASS,PASS,PASS,PASS,PASS,PASS,PASS,PASS,PASS,PASS,PASS,PASS,PASS,PASS,PASS,PASS,PASS,19,19,PASS
449,L,CTG,,PASS,PASS,PASS,PASS,PASS,PASS,PASS,PASS,PASS,,PASS,PASS,PASS,PASS,PASS,PASS,PASS,PASS,PASS,PASS,19,19,PASS
450,A,GCT,,,PASS,PASS,PASS,PASS,PASS,PASS,PASS,PASS,PASS,PASS,PASS,PASS,PASS,PASS,PASS,PASS,PASS,PASS,PASS,19,19,PASS
451,D,GAC,,PASS,PASS,,PASS,PASS,PASS,PASS,PASS,PASS,PASS,PASS,PASS,PASS,PASS,PASS,PASS,PASS,PASS,PASS,PASS,19,19,PASS
452,S,AGC,,PASS,PASS,PASS,PASS,PASS,PASS,PASS,PASS,PASS,PASS,PASS,PASS,PASS,PASS,PASS,,PASS,PASS,PASS,PASS,19,19,PASS
453,E,GAG,,PASS,PASS,PASS,,PASS,PASS,PASS,PASS,PASS,PASS,PASS,PASS,PASS,PASS,PASS,PASS,PASS,PASS,PASS,PASS,19,19,PASS
454,M,ATG,,PASS,PASS,PASS,PASS,PASS,PASS,PASS,PASS,PASS,PASS,,PASS,PASS,PASS,PASS,PASS,PASS,PASS,PASS,PASS,19,19,PASS
455,D,GAC,,PASS,PASS,,PASS,PASS,PASS,PASS,PASS,PASS,PASS,PASS,PASS,PASS,PASS,PASS,PASS,PASS,PASS,PASS,PASS,19,19,PASS
456,K,AAG,,PASS,PASS,PASS,PASS,PASS,PASS,PASS,PASS,,PASS,PASS,PASS,PASS,PASS,PASS,PASS,PASS,PASS,PASS,PASS,19,19,PASS
457,L,CTG,,PASS,PASS,PASS,PASS,PASS,PASS,PASS,PASS,PASS,,PASS,PASS,PASS,PASS,PASS,PASS,PASS,PASS,PASS,PASS,19,19,PASS
458,Y,TAC,,PASS,PASS,PASS,PASS,PASS,PASS,PASS,PASS,PASS,PASS,PASS,PASS,PASS,PASS,PASS,PASS,PASS,PASS,PASS,,19,19,PASS
459,E,GAG,,PASS,PASS,PASS,,PASS,PASS,PASS,PASS,PASS,PASS,PASS,PASS,PASS,PASS,PASS,PASS,PASS,PASS,PASS,PASS,19,19,PASS
460,R,CGG,,PASS,PASS,PASS,PASS,PASS,PASS,PASS,PASS,PASS,PASS,PASS,PASS,PASS,PASS,,PASS,PASS,PASS,PASS,PASS,19,19,PASS
461,V,GTG,,PASS,PASS,PASS,PASS,PASS,PASS,PASS,PASS,PASS,PASS,PASS,PASS,PASS,PASS,PASS,PASS,PASS,,PASS,PASS,19,19,PASS
462,K,AAG,,PASS,PASS,PASS,PASS,PASS,PASS,PASS,PASS,,PASS,PASS,PASS,PASS,PASS,PASS,PASS,PASS,PASS,PASS,PASS,19,19,PASS
463,R,CGG,,PASS,PASS,PASS,PASS,PASS,PASS,PASS,PASS,PASS,PASS,PASS,PASS,PASS,PASS,,PASS,PASS,PASS,PASS,PASS,19,19,PASS
464,Q,CAG,,PASS,PASS,PASS,PASS,PASS,PASS,PASS,PASS,PASS,PASS,PASS,PASS,PASS,,PASS,PASS,PASS,PASS,PASS,PASS,19,19,PASS
465,L,CTG,,PASS,PASS,PASS,PASS,PASS,PASS,PASS,PASS,PASS,,PASS,PASS,PASS,PASS,PASS,PASS,PASS,PASS,PASS,PASS,19,19,PASS
466,R,AGA,,PASS,PASS,PASS,PASS,PASS,PASS,PASS,PASS,PASS,PASS,PASS,PASS,PASS,PASS,,PASS,PASS,PASS,PASS,PASS,19,19,PASS
467,E,GAG,,PASS,PASS,PASS,,PASS,PASS,PASS,PASS,PASS,PASS,PASS,PASS,PASS,PASS,PASS,PASS,PASS,PASS,PASS,PASS,19,19,PASS
468,N,AAC,,PASS,PASS,PASS,PASS,PASS,PASS,PASS,PASS,PASS,PASS,PASS,,PASS,PASS,PASS,PASS,PASS,PASS,PASS,PASS,19,19,PASS
469,A,GCT,,,PASS,PASS,PASS,PASS,PASS,PASS,PASS,PASS,PASS,PASS,PASS,PASS,PASS,PASS,PASS,PASS,PASS,PASS,PASS,19,19,PASS
470,E,GAA,,PASS,PASS,PASS,,PASS,PASS,PASS,PASS,PASS,PASS,PASS,PASS,PASS,PASS,PASS,PASS,PASS,PASS,PASS,PASS,19,19,PASS
471,E,GAG,,PASS,PASS,PASS,,PASS,PASS,PASS,PASS,PASS,PASS,PASS,PASS,PASS,PASS,PASS,PASS,PASS,PASS,PASS,PASS,19,19,PASS
472,D,GAC,,PASS,PASS,,PASS,PASS,PASS,PASS,PASS,PASS,PASS,PASS,PASS,PASS,PASS,PASS,PASS,PASS,PASS,PASS,PASS,19,19,PASS
473,G,GGC,,PASS,PASS,PASS,PASS,PASS,,PASS,PASS,PASS,PASS,PASS,PASS,PASS,PASS,PASS,PASS,PASS,PASS,PASS,PASS,19,19,PASS
474,T,ACA,,PASS,PASS,PASS,PASS,PASS,PASS,PASS,PASS,PASS,PASS,PASS,PASS,PASS,PASS,PASS,PASS,,PASS,PASS,PASS,19,19,PASS
475,G,GGC,,PASS,PASS,PASS,PASS,PASS,,PASS,PASS,PASS,PASS,PASS,PASS,PASS,PASS,PASS,PASS,PASS,PASS,PASS,PASS,19,19,PASS
476,C,TGC,,PASS,,PASS,PASS,PASS,PASS,PASS,PASS,PASS,PASS,PASS,PASS,PASS,PASS,PASS,PASS,PASS,PASS,PASS,PASS,19,19,PASS
477,F,TTC,,PASS,PASS,PASS,PASS,,PASS,PASS,PASS,PASS,PASS,PASS,PASS,PASS,PASS,PASS,PASS,PASS,PASS,PASS,PASS,19,19,PASS
478,E,GAG,,PASS,PASS,PASS,,PASS,PASS,PASS,PASS,PASS,PASS,PASS,PASS,PASS,PASS,PASS,PASS,PASS,PASS,PASS,PASS,19,19,PASS
479,I,ATC,,PASS,PASS,PASS,PASS,PASS,PASS,PASS,,PASS,PASS,PASS,PASS,PASS,PASS,PASS,PASS,PASS,PASS,PASS,PASS,19,19,PASS
480,F,TTC,,PASS,PASS,PASS,PASS,,PASS,PASS,PASS,PASS,PASS,PASS,PASS,PASS,PASS,PASS,PASS,PASS,PASS,PASS,PASS,19,19,PASS
481,H,CAT,,PASS,PASS,PASS,PASS,PASS,PASS,,PASS,PASS,PASS,PASS,PASS,PASS,PASS,PASS,PASS,PASS,PASS,PASS,PASS,19,19,PASS
482,K,AAG,,PASS,PASS,PASS,PASS,PASS,PASS,PASS,PASS,,PASS,PASS,PASS,PASS,PASS,PASS,PASS,PASS,PASS,PASS,PASS,19,19,PASS
483,C,TGC,,PASS,,PASS,PASS,PASS,PASS,PASS,PASS,PASS,PASS,PASS,PASS,PASS,PASS,PASS,PASS,PASS,PASS,PASS,PASS,19,19,PASS
484,D,GAC,,PASS,PASS,,PASS,PASS,PASS,PASS,PASS,PASS,PASS,PASS,PASS,PASS,PASS,PASS,PASS,PASS,PASS,PASS,PASS,19,19,PASS
485,D,GAT,,PASS,PASS,,PASS,PASS,PASS,PASS,PASS,PASS,PASS,PASS,PASS,PASS,PASS,PASS,PASS,PASS,PASS,PASS,PASS,19,19,PASS
486,D,GAC,,PASS,PASS,,PASS,PASS,PASS,PASS,PASS,PASS,PASS,PASS,PASS,PASS,PASS,PASS,PASS,PASS,PASS,PASS,PASS,19,19,PASS
487,C,TGC,,PASS,,PASS,PASS,PASS,PASS,PASS,PASS,PASS,PASS,PASS,PASS,PASS,PASS,PASS,PASS,PASS,PASS,PASS,PASS,19,19,PASS
488,M,ATG,,PASS,PASS,PASS,PASS,PASS,PASS,PASS,PASS,PASS,PASS,,PASS,PASS,PASS,PASS,PASS,PASS,PASS,PASS,PASS,19,19,PASS
489,A,GCC,,,PASS,PASS,PASS,PASS,PASS,PASS,PASS,PASS,PASS,PASS,PASS,PASS,PASS,PASS,PASS,PASS,PASS,PASS,PASS,19,19,PASS
490,S,TCT,,PASS,PASS,PASS,PASS,PASS,PASS,PASS,PASS,PASS,PASS,PASS,PASS,PASS,PASS,PASS,,PASS,PASS,PASS,PASS,19,19,PASS
491,I,ATC,,PASS,PASS,PASS,PASS,PASS,PASS,PASS,,PASS,PASS,PASS,PASS,PASS,PASS,PASS,PASS,PASS,PASS,PASS,PASS,19,19,PASS
492,R,CGG,,PASS,PASS,PASS,PASS,PASS,PASS,PASS,PASS,PASS,PASS,PASS,PASS,PASS,PASS,,PASS,PASS,PASS,PASS,PASS,19,19,PASS
493,N,AAC,,FAIL,FAIL,PASS,FAIL,FAIL,FAIL,PASS,PASS,PASS,FAIL,FAIL,,FAIL,FAIL,FAIL,PASS,PASS,FAIL,FAIL,PASS,19,7,FAIL
494,N,AAC,,FAIL,FAIL,PASS,FAIL,FAIL,FAIL,PASS,PASS,PASS,FAIL,PASS,,FAIL,FAIL,FAIL,PASS,PASS,FAIL,FAIL,PASS,19,8,FAIL
495,T,ACA,,FAIL,FAIL,FAIL,FAIL,FAIL,PASS,PASS,PASS,FAIL,FAIL,FAIL,PASS,PASS,FAIL,PASS,PASS,,FAIL,PASS,PASS,19,9,FAIL
496,Y,TAC,,PASS,PASS,PASS,PASS,PASS,PASS,PASS,PASS,PASS,PASS,FAIL,PASS,FAIL,PASS,PASS,PASS,PASS,FAIL,FAIL,,19,15,PASS
497,D,GAC,,PASS,PASS,,PASS,PASS,PASS,PASS,PASS,PASS,PASS,PASS,PASS,PASS,PASS,PASS,PASS,PASS,PASS,PASS,PASS,19,19,PASS
498,H,CAC,,PASS,PASS,PASS,PASS,PASS,PASS,,PASS,PASS,PASS,PASS,PASS,PASS,PASS,PASS,PASS,PASS,PASS,PASS,PASS,19,19,PASS
499,S,AGC,,PASS,PASS,PASS,PASS,PASS,PASS,PASS,PASS,PASS,PASS,PASS,PASS,PASS,PASS,PASS,,PASS,PASS,PASS,PASS,19,19,PASS
500,K,AAG,,PASS,PASS,PASS,PASS,PASS,PASS,PASS,PASS,,PASS,PASS,PASS,PASS,PASS,PASS,PASS,PASS,PASS,PASS,PASS,19,19,PASS
501,Y,TAC,,PASS,PASS,PASS,PASS,PASS,PASS,PASS,PASS,PASS,PASS,PASS,PASS,PASS,PASS,PASS,PASS,PASS,PASS,PASS,,19,19,PASS
502,R,AGA,,PASS,PASS,PASS,PASS,PASS,PASS,PASS,PASS,PASS,PASS,PASS,PASS,PASS,PASS,,PASS,PASS,PASS,PASS,PASS,19,19,PASS
503,E,GAA,,PASS,PASS,PASS,,PASS,PASS,PASS,PASS,PASS,PASS,PASS,PASS,PASS,PASS,PASS,PASS,PASS,PASS,PASS,PASS,19,19,PASS
504,E,GAG,,PASS,PASS,PASS,,PASS,PASS,PASS,PASS,PASS,PASS,PASS,PASS,PASS,PASS,PASS,PASS,PASS,PASS,PASS,PASS,19,19,PASS
505,A,GCC,,,PASS,PASS,PASS,PASS,PASS,PASS,PASS,PASS,PASS,PASS,PASS,PASS,PASS,PASS,PASS,PASS,PASS,PASS,PASS,19,19,PASS
506,M,ATG,,PASS,PASS,PASS,PASS,PASS,PASS,PASS,PASS,PASS,PASS,,PASS,PASS,PASS,PASS,PASS,PASS,PASS,PASS,PASS,19,19,PASS
507,Q,CAG,,FAIL,FAIL,FAIL,FAIL,FAIL,FAIL,FAIL,FAIL,FAIL,FAIL,FAIL,FAIL,FAIL,,FAIL,FAIL,FAIL,FAIL,FAIL,FAIL,19,0,FAIL
508,N,AAC,,PASS,PASS,PASS,PASS,PASS,FAIL,PASS,PASS,PASS,PASS,FAIL,,PASS,PASS,PASS,PASS,PASS,PASS,PASS,PASS,19,17,PASS
509,R,AGG,,FAIL,FAIL,FAIL,FAIL,FAIL,FAIL,FAIL,FAIL,FAIL,FAIL,FAIL,FAIL,FAIL,FAIL,,FAIL,FAIL,FAIL,FAIL,FAIL,19,0,FAIL
510,I,ATT,,FAIL,FAIL,FAIL,FAIL,FAIL,FAIL,FAIL,,FAIL,FAIL,FAIL,FAIL,FAIL,FAIL,FAIL,FAIL,FAIL,FAIL,FAIL,FAIL,19,0,FAIL
511,Q,CAG,,PASS,PASS,PASS,PASS,PASS,PASS,PASS,PASS,PASS,PASS,PASS,PASS,PASS,,PASS,PASS,PASS,PASS,PASS,PASS,19,19,PASS
512,I,ATT,,PASS,PASS,PASS,PASS,PASS,PASS,PASS,,PASS,PASS,PASS,PASS,PASS,PASS,PASS,PASS,PASS,PASS,PASS,PASS,19,19,PASS
513,D,GAT,,PASS,PASS,,PASS,PASS,PASS,PASS,PASS,PASS,PASS,PASS,PASS,PASS,PASS,PASS,PASS,PASS,PASS,PASS,PASS,19,19,PASS
514,P,CCT,,PASS,PASS,PASS,PASS,PASS,PASS,PASS,PASS,PASS,PASS,PASS,PASS,,PASS,PASS,PASS,PASS,PASS,PASS,PASS,19,19,PASS
515,V,GTG,,PASS,PASS,PASS,PASS,PASS,PASS,PASS,PASS,PASS,PASS,PASS,PASS,PASS,PASS,PASS,PASS,PASS,,PASS,PASS,19,19,PASS
516,K,AAG,,PASS,PASS,PASS,PASS,PASS,PASS,PASS,PASS,,PASS,PASS,PASS,PASS,PASS,PASS,PASS,PASS,PASS,PASS,PASS,19,19,PASS
517,L,CTG,,PASS,PASS,PASS,PASS,PASS,PASS,PASS,PASS,PASS,,PASS,PASS,PASS,PASS,PASS,PASS,PASS,PASS,PASS,PASS,19,19,PASS
518,S,TCC,,PASS,PASS,PASS,PASS,PASS,PASS,PASS,PASS,PASS,PASS,PASS,PASS,PASS,PASS,PASS,,PASS,PASS,PASS,PASS,19,19,PASS
519,S,AGC,,PASS,PASS,PASS,PASS,PASS,PASS,PASS,PASS,PASS,PASS,PASS,PASS,PASS,PASS,PASS,,PASS,PASS,PASS,PASS,19,19,PASS
520,G,GGC,,PASS,PASS,PASS,PASS,PASS,,PASS,PASS,PASS,PASS,PASS,PASS,PASS,PASS,PASS,PASS,PASS,PASS,PASS,PASS,19,19,PASS
521,Y,TAC,,PASS,PASS,PASS,PASS,PASS,PASS,PASS,PASS,PASS,PASS,PASS,PASS,PASS,PASS,PASS,PASS,PASS,PASS,PASS,,19,19,PASS
522,K,AAG,,PASS,PASS,PASS,PASS,PASS,PASS,PASS,PASS,,PASS,PASS,PASS,PASS,PASS,PASS,PASS,PASS,PASS,PASS,PASS,19,19,PASS
523,D,GAC,,PASS,PASS,,PASS,PASS,PASS,PASS,PASS,PASS,PASS,PASS,PASS,PASS,PASS,PASS,PASS,PASS,PASS,PASS,PASS,19,19,PASS
524,V,GTG,,PASS,PASS,PASS,PASS,PASS,PASS,PASS,PASS,PASS,PASS,PASS,PASS,PASS,PASS,PASS,PASS,PASS,,PASS,PASS,19,19,PASS