sequential_site,reference_site,sequential_wt,region,rbs_region
1,11,D,HA1,outside RBS
2,12,K,HA1,outside RBS
3,13,I,HA1,outside RBS
4,14,C,HA1,outside RBS
5,15,L,HA1,outside RBS
6,16,G,HA1,outside RBS
7,17,H,HA1,outside RBS
8,18,H,HA1,outside RBS
9,19,A,HA1,outside RBS
10,20,V,HA1,outside RBS
11,21,S,HA1,outside RBS
12,22,N,HA1,outside RBS
13,23,G,HA1,outside RBS
14,24,T,HA1,outside RBS
15,25,K,HA1,outside RBS
16,26,V,HA1,outside RBS
17,27,N,HA1,outside RBS
18,28,T,HA1,outside RBS
19,29,L,HA1,outside RBS
20,30,T,HA1,outside RBS
21,31,E,HA1,outside RBS
22,32,R,HA1,outside RBS
23,33,G,HA1,outside RBS
24,34,V,HA1,outside RBS
25,35,E,HA1,outside RBS
26,36,V,HA1,outside RBS
27,37,V,HA1,outside RBS
28,38,N,HA1,outside RBS
29,39,A,HA1,outside RBS
30,40,T,HA1,outside RBS
31,41,E,HA1,outside RBS
32,42,T,HA1,outside RBS
33,43,V,HA1,outside RBS
34,44,E,HA1,outside RBS
35,45,R,HA1,outside RBS
36,46,T,HA1,outside RBS
37,47,N,HA1,outside RBS
38,48,I,HA1,outside RBS
39,49,P,epitope-C,outside RBS
40,50,R,epitope-C,outside RBS
41,51,I,HA1,outside RBS
42,52,C,HA1,outside RBS
43,53,S,epitope-C,outside RBS
44,54,K,epitope-C,outside RBS
45,55,G,HA1,outside RBS
46,56,K,HA1,outside RBS
47,57,R,HA1,outside RBS
48,58,T,HA1,outside RBS
49,59,V,HA1,outside RBS
50,60,D,HA1,outside RBS
51,61,L,HA1,outside RBS
52,62,G,epitope-E,outside RBS
53,63,Q,epitope-E,outside RBS
54,64,C,HA1,outside RBS
55,65,G,HA1,outside RBS
56,66,L,HA1,outside RBS
57,67,L,HA1,outside RBS
58,68,G,HA1,outside RBS
59,69,T,HA1,outside RBS
60,70,I,HA1,outside RBS
61,71,T,HA1,outside RBS
62,72,G,HA1,outside RBS
63,73,P,HA1,outside RBS
64,74,P,HA1,outside RBS
65,75,Q,epitope-E,outside RBS
66,76,C,HA1,outside RBS
67,77,D,epitope-E,outside RBS
68,78,Q,epitope-E,outside RBS
69,79,F,epitope-E,outside RBS
70,80,L,epitope-E,outside RBS
71,81,E,epitope-E,outside RBS
72,82,F,epitope-E,outside RBS
73,83,S,HA1,outside RBS
74,84,A,HA1,outside RBS
75,85,D,HA1,outside RBS
76,86,L,HA1,outside RBS
77,87,I,HA1,outside RBS
78,88,I,HA1,outside RBS
79,89,E,HA1,outside RBS
80,90,R,epitope-E,outside RBS
81,91,R,epitope-E,outside RBS
82,92,E,epitope-E,outside RBS
83,93,G,HA1,outside RBS
84,94,S,HA1,outside RBS
85,95,D,HA1,outside RBS
86,96,V,HA1,outside RBS
87,97,C,HA1,outside RBS
88,98,Y,HA1,RBS base
89,99,P,HA1,outside RBS
90,100,G,HA1,outside RBS
91,101,K,HA1,outside RBS
92,102,F,HA1,outside RBS
93,103,V,HA1,outside RBS
94,104,N,HA1,outside RBS
95,105,E,HA1,outside RBS
96,106,E,HA1,outside RBS
97,107,A,HA1,outside RBS
98,108,L,HA1,outside RBS
99,109,R,HA1,outside RBS
100,110,Q,HA1,outside RBS
101,111,I,HA1,outside RBS
102,112,L,HA1,outside RBS
103,113,R,HA1,outside RBS
104,114,E,HA1,outside RBS
105,115,S,HA1,outside RBS
106,116,G,HA1,outside RBS
107,117,G,HA1,outside RBS
108,118,I,HA1,outside RBS
109,119,D,HA1,outside RBS
110,120,K,HA1,outside RBS
111,121,E,epitope-A,outside RBS
112,122,A,epitope-A,outside RBS
113,123,M,epitope-A,outside RBS
114,124,G,epitope-A,outside RBS
115,125,F,epitope-A,outside RBS
116,126,T,epitope-A,outside RBS
117,127,Y,epitope-A,outside RBS
118,128,S,epitope-A,outside RBS
119,129,G,epitope-A,outside RBS
120,130,I,epitope-A,outside RBS
121,131,R,epitope-A,outside RBS
122,132,T,epitope-A,outside RBS
123,133,N,epitope-A,outside RBS
124,134,G,epitope-A,outside RBS
125,135,A,epitope-A,130-loop
126,136,T,epitope-A,130-loop
127,137,S,epitope-A,130-loop
128,138,A,epitope-A,130-loop
129,139,C,epitope-A,outside RBS
130,140,R,epitope-A,outside RBS
131,141,R,epitope-A,outside RBS
132,142,S,epitope-A,outside RBS
133,143,G,epitope-A,outside RBS
134,144,S,epitope-A,outside RBS
135,145,S,epitope-A,outside RBS
136,146,F,HA1,outside RBS
137,147,Y,HA1,outside RBS
138,148,A,HA1,outside RBS
139,149,E,HA1,outside RBS
140,150,M,HA1,outside RBS
141,151,K,HA1,outside RBS
142,152,W,HA1,RBS base
143,153,L,HA1,outside RBS
144,154,L,epitope-B,150-loop
145,155,S,epitope-B,150-loop
146,156,N,epitope-B,150-loop
147,157,T,epitope-B,150-loop
148,158a,D,HA1,150-loop
149,158b,N,HA1,150-loop
150,159,A,epitope-B,150-loop
151,160,A,epitope-B,150-loop
152,161,F,HA1,150-loop
153,162,P,HA1,150-loop
154,163,Q,HA1,150-loop
155,164,M,HA1,outside RBS
156,165,T,HA1,outside RBS
157,166,K,HA1,outside RBS
158,167,S,epitope-D,outside RBS
159,168,Y,HA1,outside RBS
160,169,K,HA1,outside RBS
161,170,N,HA1,outside RBS
162,171,T,HA1,outside RBS
163,172,R,HA1,outside RBS
164,173,K,HA1,outside RBS
165,174,S,HA1,outside RBS
166,175,P,HA1,outside RBS
167,176,A,HA1,outside RBS
168,177,L,HA1,outside RBS
169,178,I,HA1,outside RBS
170,179,V,HA1,outside RBS
171,180,W,HA1,outside RBS
172,181,G,HA1,outside RBS
173,182,I,HA1,outside RBS
174,183,H,HA1,RBS base
175,184,H,HA1,outside RBS
176,185,S,HA1,outside RBS
177,186,V,epitope-B,outside RBS
178,187,S,epitope-B,outside RBS
179,188,T,epitope-B,outside RBS
180,189,A,epitope-B,outside RBS
181,190,E,epitope-B,190-loop
182,191,Q,epitope-B,190-loop
183,192,T,epitope-B,190-loop
184,193,K,epitope-B,190-loop
185,194,L,epitope-B,190-loop
186,195,Y,HA1,190-loop
187,196,G,epitope-B,190-loop
188,197,S,epitope-B,190-loop
189,198,G,epitope-B,190-loop
190,199,N,epitope-B,outside RBS
191,200,K,HA1,outside RBS
192,201,L,epitope-D,outside RBS
193,202,V,epitope-D,outside RBS
194,203,T,epitope-D,outside RBS
195,204,V,epitope-D,outside RBS
196,205,G,epitope-D,outside RBS
197,206,S,epitope-D,outside RBS
198,207,S,epitope-D,outside RBS
199,208,N,epitope-D,outside RBS
200,209,Y,HA1,outside RBS
201,210,Q,HA1,outside RBS
202,211,Q,HA1,outside RBS
203,212,S,HA1,outside RBS
204,213,F,HA1,outside RBS
205,214,V,epitope-D,outside RBS
206,215,P,HA1,outside RBS
207,216,S,epitope-D,outside RBS
208,217,P,epitope-D,outside RBS
209,218,G,epitope-D,outside RBS
210,219,A,epitope-D,outside RBS
211,220,R,epitope-D,outside RBS
212,221,P,HA1,220-loop
213,222,Q,epitope-D,220-loop
214,223,V,epitope-D,220-loop
215,224,N,epitope-D,220-loop
216,225,G,epitope-D,220-loop
217,226,L,epitope-D,220-loop
218,227,S,epitope-D,220-loop
219,228,G,HA1,220-loop
220,229,R,HA1,outside RBS
221,230,I,HA1,outside RBS
222,231,D,HA1,outside RBS
223,232,F,HA1,outside RBS
224,233,H,HA1,outside RBS
225,234,W,HA1,outside RBS
226,235,L,HA1,outside RBS
227,236,M,HA1,outside RBS
228,237,L,HA1,outside RBS
229,238,N,HA1,outside RBS
230,239,P,HA1,outside RBS
231,240,N,HA1,outside RBS
232,241,D,HA1,outside RBS
233,242,T,epitope-D,outside RBS
234,243,V,HA1,outside RBS
235,244,T,HA1,outside RBS
236,245,F,HA1,outside RBS
237,246,S,HA1,outside RBS
238,247,F,HA1,outside RBS
239,248,N,HA1,outside RBS
240,249,G,HA1,outside RBS
241,250,A,HA1,outside RBS
242,251,F,HA1,outside RBS
243,252,I,HA1,outside RBS
244,253,A,HA1,outside RBS
245,254,P,HA1,outside RBS
246,255,D,HA1,outside RBS
247,256,R,HA1,outside RBS
248,257,A,HA1,outside RBS
249,258,S,HA1,outside RBS
250,259,F,HA1,outside RBS
251,260,L,HA1,outside RBS
252,261,R,HA1,outside RBS
253,262,G,HA1,outside RBS
254,263,K,HA1,outside RBS
255,264,S,HA1,outside RBS
256,265,M,HA1,outside RBS
257,266,G,HA1,outside RBS
258,267,I,HA1,outside RBS
259,268,Q,HA1,outside RBS
260,269,S,HA1,outside RBS
261,270,G,epitope-C,outside RBS
262,271,V,epitope-C,outside RBS
263,272,Q,epitope-C,outside RBS
264,273,V,epitope-C,outside RBS
265,274,D,epitope-C,outside RBS
266,275,A,epitope-C,outside RBS
267,276,N,epitope-C,outside RBS
268,277,C,epitope-C,outside RBS
269,278,E,epitope-C,outside RBS
270,279,G,HA1,outside RBS
271,280,D,HA1,outside RBS
272,281,C,HA1,outside RBS
273,282,Y,HA1,outside RBS
274,283,H,HA1,outside RBS
275,284,S,HA1,outside RBS
276,285,G,HA1,outside RBS
277,286,G,HA1,outside RBS
278,287,T,HA1,outside RBS
279,288,I,HA1,outside RBS
280,289,I,HA1,outside RBS
281,290,S,HA1,outside RBS
282,291,N,HA1,outside RBS
283,292,L,HA1,outside RBS
284,293,P,HA1,outside RBS
285,294,F,HA1,outside RBS
286,295,Q,HA1,outside RBS
287,296,N,HA1,outside RBS
288,297,I,HA1,outside RBS
289,298,D,HA1,outside RBS
290,299,S,HA1,outside RBS
291,300,R,HA1,outside RBS
292,301,A,HA1,outside RBS
293,302,V,HA1,outside RBS
294,303,G,HA1,outside RBS
295,304,K,HA1,outside RBS
296,305,C,HA1,outside RBS
297,306,P,HA1,outside RBS
298,307,R,HA1,outside RBS
299,308,Y,HA1,outside RBS
300,309,V,HA1,outside RBS
301,310,K,HA1,outside RBS
302,311,Q,HA1,outside RBS
303,312,R,HA1,outside RBS
304,313,S,HA1,outside RBS
305,314,L,HA1,outside RBS
306,315,L,HA1,outside RBS
307,316,L,HA1,outside RBS
308,317,A,HA1,outside RBS
309,318,T,HA1,outside RBS
310,319,G,HA1,outside RBS
311,320,M,HA1,outside RBS
312,321,K,HA1,outside RBS
313,322,N,HA1,outside RBS
314,323,V,HA1,outside RBS
315,324,P,HA1,outside RBS
316,325,E,HA1,outside RBS
317,326,I,HA1,outside RBS
318,327,P,cleavage site,outside RBS
319,328,K,cleavage site,outside RBS
320,328a,G,cleavage site,outside RBS
321,329,R,cleavage site,outside RBS
322,330,G,HA2,outside RBS
323,331,L,HA2,outside RBS
324,332,F,HA2,outside RBS
325,333,G,HA2,outside RBS
326,334,A,HA2,outside RBS
327,335,I,HA2,outside RBS
328,336,A,HA2,outside RBS
329,337,G,HA2,outside RBS
330,338,F,HA2,outside RBS
331,341,I,HA2,outside RBS
332,342,E,HA2,outside RBS
333,343,N,HA2,outside RBS
334,344,G,HA2,outside RBS
335,345,W,HA2,outside RBS
336,346,E,HA2,outside RBS
337,347,G,HA2,outside RBS
338,348,L,HA2,outside RBS
339,349,I,HA2,outside RBS
340,350,D,HA2,outside RBS
341,351,G,HA2,outside RBS
342,352,W,HA2,outside RBS
343,353,Y,HA2,outside RBS
344,354,G,HA2,outside RBS
345,355,F,HA2,outside RBS
346,356,R,HA2,outside RBS
347,357,H,HA2,outside RBS
348,358,Q,HA2,outside RBS
349,359,N,HA2,outside RBS
350,360,A,HA2,outside RBS
351,361,Q,HA2,outside RBS
352,362,G,HA2,outside RBS
353,363,E,HA2,outside RBS
354,364,G,HA2,outside RBS
355,365,T,HA2,outside RBS
356,366,A,HA2,outside RBS
357,367,A,HA2,outside RBS
358,368,D,HA2,outside RBS
359,369,Y,HA2,outside RBS
360,370,K,HA2,outside RBS
361,371,S,HA2,outside RBS
362,372,T,HA2,outside RBS
363,373,Q,HA2,outside RBS
364,374,S,HA2,outside RBS
365,375,A,HA2,outside RBS
366,376,I,HA2,outside RBS
367,377,D,HA2,outside RBS
368,378,Q,HA2,outside RBS
369,379,I,HA2,outside RBS
370,380,T,HA2,outside RBS
371,381,G,HA2,outside RBS
372,382,K,HA2,outside RBS
373,383,L,HA2,outside RBS
374,384,N,HA2,outside RBS
375,385,R,HA2,outside RBS
376,386,L,HA2,outside RBS
377,387,I,HA2,outside RBS
378,388,E,HA2,outside RBS
379,389,K,HA2,outside RBS
380,390,T,HA2,outside RBS
381,391,N,HA2,outside RBS
382,392,Q,HA2,outside RBS
383,393,Q,HA2,outside RBS
384,394,F,HA2,outside RBS
385,395,E,HA2,outside RBS
386,396,L,HA2,outside RBS
387,397,I,HA2,outside RBS
388,398,D,HA2,outside RBS
389,399,N,HA2,outside RBS
390,400,E,HA2,outside RBS
391,401,F,HA2,outside RBS
392,402,N,HA2,outside RBS
393,403,E,HA2,outside RBS
394,404,V,HA2,outside RBS
395,405,E,HA2,outside RBS
396,406,K,HA2,outside RBS
397,407,Q,HA2,outside RBS
398,408,I,HA2,outside RBS
399,409,G,HA2,outside RBS
400,410,N,HA2,outside RBS
401,411,V,HA2,outside RBS
402,412,I,HA2,outside RBS
403,413,N,HA2,outside RBS
404,414,W,HA2,outside RBS
405,415,T,HA2,outside RBS
406,416,R,HA2,outside RBS
407,417,D,HA2,outside RBS
408,418,S,HA2,outside RBS
409,419,I,HA2,outside RBS
410,420,T,HA2,outside RBS
411,421,E,HA2,outside RBS
412,422,V,HA2,outside RBS
413,423,W,HA2,outside RBS
414,424,S,HA2,outside RBS
415,425,Y,HA2,outside RBS
416,426,N,HA2,outside RBS
417,427,A,HA2,outside RBS
418,428,E,HA2,outside RBS
419,429,L,HA2,outside RBS
420,430,L,HA2,outside RBS
421,431,V,HA2,outside RBS
422,432,A,HA2,outside RBS
423,433,M,HA2,outside RBS
424,434,E,HA2,outside RBS
425,435,N,HA2,outside RBS
426,436,Q,HA2,outside RBS
427,437,H,HA2,outside RBS
428,438,T,HA2,outside RBS
429,439,I,HA2,outside RBS
430,440,D,HA2,outside RBS
431,441,L,HA2,outside RBS
432,442,A,HA2,outside RBS
433,443,D,HA2,outside RBS
434,444,S,HA2,outside RBS
435,445,E,HA2,outside RBS
436,446,M,HA2,outside RBS
437,447,D,HA2,outside RBS
438,448,K,HA2,outside RBS
439,449,L,HA2,outside RBS
440,450,Y,HA2,outside RBS
441,451,E,HA2,outside RBS
442,452,R,HA2,outside RBS
443,453,V,HA2,outside RBS
444,454,K,HA2,outside RBS
445,455,R,HA2,outside RBS
446,456,Q,HA2,outside RBS
447,457,L,HA2,outside RBS
448,458,R,HA2,outside RBS
449,459,E,HA2,outside RBS
450,460,N,HA2,outside RBS
451,461,A,HA2,outside RBS
452,462,E,HA2,outside RBS
453,463,E,HA2,outside RBS
454,464,D,HA2,outside RBS
455,465,G,HA2,outside RBS
456,466,T,HA2,outside RBS
457,467,G,HA2,outside RBS
458,468,C,HA2,outside RBS
459,469,F,HA2,outside RBS
460,470,E,HA2,outside RBS
461,471,I,HA2,outside RBS
462,472,F,HA2,outside RBS
463,473,H,HA2,outside RBS
464,474,K,HA2,outside RBS
465,475,C,HA2,outside RBS
466,476,D,HA2,outside RBS
467,477,D,HA2,outside RBS
468,478,D,HA2,outside RBS
469,479,C,HA2,outside RBS
470,480,M,HA2,outside RBS
471,481,A,HA2,outside RBS
472,482,S,HA2,outside RBS
473,483,I,HA2,outside RBS
474,484,R,HA2,outside RBS
475,485,N,HA2,outside RBS
476,486,N,HA2,outside RBS
477,487,T,HA2,outside RBS
478,488,Y,HA2,outside RBS
479,489,D,HA2,outside RBS
480,490,H,HA2,outside RBS
481,491,S,HA2,outside RBS
482,492,K,HA2,outside RBS
483,493,Y,HA2,outside RBS
484,494,R,HA2,outside RBS
485,495,E,HA2,outside RBS
486,496,E,HA2,outside RBS
487,497,A,HA2,outside RBS
488,498,M,HA2,outside RBS
489,499,Q,HA2,outside RBS
490,500,N,HA2,outside RBS
491,501,R,HA2,outside RBS
492,502,I,HA2,outside RBS
493,503,Q,HA2,outside RBS
494,504,I,HA2,outside RBS
495,505,D,HA2,outside RBS
496,506,P,HA2,outside RBS
497,507,V,HA2,outside RBS
498,508,K,HA2,outside RBS
499,509,L,HA2,outside RBS
500,510,S,HA2,outside RBS
501,511,S,HA2,outside RBS
502,512,G,HA2,outside RBS
503,513,Y,HA2,outside RBS
504,514,K,HA2,outside RBS
505,515,D,HA2,outside RBS
506,516,V,HA2,outside RBS
